house_type,locality,city,area,beds,bathrooms,balconies,furnishing,area_rate,rent,rent_per_sqft
"4 BHK Flat for Rent in 1A Block Koramangala, Bangalore",1A Block Koramangala,Bengaluru,2100.0,4,4,3,Semi-Furnished,83.0,180000.0,85.71
"3 BHK Flat for Rent in Block 1st East Jayanagar, Bangalore",1St Block East,Bengaluru,1100.0,3,2,0,Unfurnished,33.0,36000.0,32.73
"3 BHK Flat for Rent in A Narayanapura, Mahadevapura, Bangalore",A Narayanapura,Bengaluru,990.0,3,3,2,Semi-Furnished,71.0,70000.0,70.71
3 BHK House for Rent in Abbaiah Reddy Layout Bangalore,Abbaiah Reddy Layout,Bengaluru,1400.0,3,2,0,Semi-Furnished,18.0,25000.0,17.86
1 BHK House for Rent in Abbigere Bangalore,Abbigere,Bengaluru,650.0,1,1,0,Unfurnished,12.0,7500.0,11.54
2 BHK House for Rent in Abbigere Bangalore,Abbigere,Bengaluru,650.0,2,1,0,Unfurnished,8.0,5000.0,7.69
2 BHK House for Rent in Abbigere Bangalore,Abbigere,Bengaluru,600.0,2,2,0,Unfurnished,16.0,9500.0,15.83
2 BHK House for Rent in Abbigere Bangalore,Abbigere,Bengaluru,1200.0,2,2,0,Semi-Furnished,19.0,23000.0,19.17
"2 BHK Flat for Rent in Abbigere, Bangalore",Abbigere,Bengaluru,1144.0,2,2,0,Unfurnished,27.0,31000.0,27.1
"2 BHK Flat for Rent in Abbigere, Bangalore",Abbigere,Bengaluru,1268.0,2,2,0,Furnished,28.0,35000.0,27.6
3 BHK House for Rent in Abbigere Bangalore,Abbigere,Bengaluru,1100.0,3,4,2,Furnished,18.0,20000.0,18.18
"4 BHK Villa for Rent in Adarsh Palm Retreat, Bellandur Bangalore",Adarsh Palm Retreat,Bengaluru,3600.0,4,4,3,Semi-Furnished,67.0,240000.0,66.67
1 BHK House for Rent in Aditya Nagar JP Nagar Bangalore,Aditya Nagar,Bengaluru,2100.0,1,3,3,Semi-Furnished,17.0,35000.0,16.67
1 BHK House for Rent in Adugodi Bangalore,Adugodi,Bengaluru,550.0,1,1,0,Semi-Furnished,16.0,9000.0,16.36
1 BHK House for Rent in Adugodi Bangalore,Adugodi,Bengaluru,450.0,1,1,0,Semi-Furnished,22.0,10000.0,22.22
1 BHK House for Rent in Adugodi Bangalore,Adugodi,Bengaluru,500.0,1,1,0,Semi-Furnished,22.0,11200.0,22.4
1 BHK House for Rent in A Block AECS Layout Bangalore,Aecs Layout Block A,Bengaluru,1000.0,1,1,0,Semi-Furnished,24.0,24000.0,24.0
1 BHK House for Rent in Block D AECS Layout Bangalore,Aecs Layout Block D,Bengaluru,500.0,1,1,0,Semi-Furnished,40.0,20000.0,40.0
"1 BHK House for Rent in Aecs Layout-Singasandra, Singasandra, Hosur Road Bangalore",Aecs Layout-Singasandra,Bengaluru,600.0,1,1,0,Semi-Furnished,17.0,10000.0,16.67
"2 BHK House for Rent in Aecs Layout-Singasandra, Singasandra, Hosur Road Bangalore",Aecs Layout-Singasandra,Bengaluru,900.0,2,2,0,Semi-Furnished,83.0,75000.0,83.33
4 BHK Villa for Rent in Agrahara Badavane Bangalore,Agrahara Layout,Bengaluru,2900.0,4,4,4,Semi-Furnished,22.0,65000.0,22.41
"2 BHK Flat for Rent in AK Colony Domlur, Bangalore",Ak Colony Domlur,Bengaluru,1400.0,2,2,3,Furnished,64.0,90000.0,64.29
"2 BHK House for Rent in Akshya Nagar, Ramamurthi Nagar Bangalore",Akshya Nagar,Bengaluru,1000.0,2,2,0,Furnished,19.0,18500.0,18.5
"2 BHK House for Rent in Akshya Nagar, Ramamurthi Nagar Bangalore",Akshya Nagar,Bengaluru,1100.0,2,2,0,Unfurnished,20.0,22000.0,20.0
"3 BHK Villa for Rent in Akshya Nagar, Ramamurthi Nagar Bangalore",Akshya Nagar,Bengaluru,2650.0,3,3,4,Unfurnished,15.0,40000.0,15.09
"2 BHK Flat for Rent in Amarjyoti Layout, Bangalore",Amarjyoti Layout-Domlur,Bengaluru,1100.0,2,2,0,Furnished,44.0,48000.0,43.64
"3 BHK Flat for Rent in Ambalipura Haralur, Bangalore",Ambalipura,Bengaluru,1770.0,3,3,2,Furnished,34.0,60000.0,33.9
"3 BHK Flat for Rent in Ambalipura Sarjapur Road, Bangalore",Ambalipura Sarjapur Road,Bengaluru,1600.0,3,3,0,Semi-Furnished,41.0,65000.0,40.62
3 BHK House for Rent in Ambalipura Sarjapur Road Bangalore,Ambalipura Sarjapur Road,Bengaluru,2200.0,3,3,2,Furnished,35.0,78000.0,35.45
"2 BHK Flat for Rent in Amrutahalli, Bangalore",Amrutahalli,Bengaluru,1165.0,2,2,2,Semi-Furnished,26.0,30000.0,25.75
"2 BHK Flat for Rent in Amruthnagar, Bangalore",Amruthnagar,Bengaluru,1200.0,2,2,3,Semi-Furnished,18.0,22000.0,18.33
2 BHK House for Rent in Amruthnagar Bangalore,Amruthnagar,Bengaluru,1200.0,2,2,0,Semi-Furnished,20.0,24000.0,20.0
"3 BHK House for Rent in Ams Layout, Vidyaranyapura Bangalore",Ams Layout,Bengaluru,1200.0,3,2,0,Semi-Furnished,18.0,22000.0,18.33
"4 BHK Flat for Rent in Anandnagar Hebbal, Bangalore",Anand Nagar- Hebbal,Bengaluru,2200.0,4,4,3,Semi-Furnished,45.0,100000.0,45.45
4 BHK Villa for Rent in Anantapuram Bangalore,Anantapura,Bengaluru,3100.0,4,4,4,Semi-Furnished,23.0,70000.0,22.58
1 BHK House for Rent in Anchepalya Bangalore,Anchepalya,Bengaluru,400.0,1,1,0,Unfurnished,11.0,4500.0,11.25
"5 BHK Flat for Rent in Anchepalya, Bangalore",Anchepalya,Bengaluru,2171.0,5,5,2,Furnished,39.0,85000.0,39.15
1 BHK House for Rent in Andrahalli Bangalore,Andrahalli,Bengaluru,500.0,1,1,0,Unfurnished,11.0,5500.0,11.0
"1 BHK House for Rent in Anjana Nagar, Sunkadakatte, magadi Road Bangalore",Anjana Nagar,Bengaluru,500.0,1,2,0,Unfurnished,10.0,5000.0,10.0
"1 BHK House for Rent in Anjanadri Layout, Konanakunte Bangalore",Anjanadri Layout,Bengaluru,350.0,1,1,0,Semi-Furnished,29.0,10000.0,28.57
2 BHK House for Rent in Anjanapura Bangalore,Anjanapura,Bengaluru,350.0,2,2,2,Semi-Furnished,29.0,10000.0,28.57
"3 BHK Flat for Rent in Anjanapura, Bangalore",Anjanapura,Bengaluru,1246.0,3,2,3,Semi-Furnished,24.0,29500.0,23.68
3 BHK House for Rent in Anjanapura Township Bangalore,Anjanapura Township,Bengaluru,1600.0,3,3,0,Semi-Furnished,19.0,30000.0,18.75
2 BHK House for Rent in Annapurneshwari Nagar Bangalore,Annapurneshwari Nagar,Bengaluru,700.0,2,2,0,Unfurnished,17.0,12000.0,17.14
1 BHK House for Rent in Annasandrapalya Extension Bangalore,Annasandrapalya Extension,Bengaluru,500.0,1,1,0,Semi-Furnished,18.0,9000.0,18.0
"1 BHK Flat for Rent in Annasandrapalya Extension, Bangalore",Annasandrapalya Extension,Bengaluru,800.0,1,1,0,Unfurnished,16.0,13000.0,16.25
1 BHK House for Rent in Arekere Bangalore,Arekere,Bengaluru,600.0,1,1,0,Furnished,15.0,9000.0,15.0
1 BHK House for Rent in Arekere Bangalore,Arekere,Bengaluru,400.0,1,1,0,Semi-Furnished,28.0,11000.0,27.5
1 BHK House for Rent in Arekere Bangalore,Arekere,Bengaluru,750.0,1,2,0,Semi-Furnished,20.0,15000.0,20.0
"3 BHK Flat for Rent in Ashok Nagar, Bangalore",Ashok Nagar,Bengaluru,2300.0,3,3,3,Semi-Furnished,87.0,200000.0,86.96
"1 BHK Flat for Rent in Ashwini Layout, Ejipura, Bangalore",Ashwini Layout,Bengaluru,450.0,1,1,2,Semi-Furnished,29.0,13000.0,28.89
"3 BHK Flat for Rent in Atmananda Colony, Hebbal, Bangalore",Atmananda Colony,Bengaluru,1460.0,3,3,3,Unfurnished,21.0,30000.0,20.55
2 BHK House for Rent in Attibele Bangalore,Attibele,Bengaluru,900.0,2,2,0,Unfurnished,11.0,10000.0,11.11
2 BHK Villa for Rent in Attibele Bangalore,Attibele,Bengaluru,1500.0,2,3,0,Unfurnished,12.0,18000.0,12.0
"2 BHK Flat for Rent in Attibele, Bangalore",Attibele,Bengaluru,858.0,2,2,0,Furnished,26.0,22000.0,25.64
"2 BHK Flat for Rent in Attibele, Bangalore",Attibele,Bengaluru,858.0,2,2,0,Semi-Furnished,35.0,30000.0,34.97
"3 BHK Flat for Rent in Attibele, Bangalore",Attibele,Bengaluru,1400.0,3,3,0,Furnished,23.0,32000.0,22.86
3 BHK Villa for Rent in Attibele Anekal Road Bangalore,Attibele Anekal Road,Bengaluru,1200.0,3,3,0,Semi-Furnished,21.0,25000.0,20.83
"2 BHK Flat for Rent in Attur Layout, Yelahanka New Town, Bangalore",Attur Layout,Bengaluru,800.0,2,2,0,Semi-Furnished,21.0,16500.0,20.62
"2 BHK Flat for Rent in Aavalahalli, Bangalore",Avalahalli,Bengaluru,1200.0,2,2,0,Semi-Furnished,8.0,10000.0,8.33
"3 BHK Flat for Rent in Aavalahalli, Bangalore",Avalahalli,Bengaluru,3600.0,3,4,0,Semi-Furnished,19.0,70000.0,19.44
"3 BHK Flat for Rent in Aavalahalli, Bangalore",Avalahalli,Bengaluru,2200.0,3,5,3,Semi-Furnished,37.0,82000.0,37.27
1 BHK House for Rent in Ayyappa Nagar Krishnarajapura Bangalore,Ayappa Nagar KR Puram,Bengaluru,700.0,1,1,0,Unfurnished,19.0,13500.0,19.29
"2 BHK Flat for Rent in B Narayanapura, Mahadevapura, Bangalore",B Narayanapura,Bengaluru,850.0,2,2,0,Semi-Furnished,29.0,25000.0,29.41
"2 BHK Flat for Rent in B Narayanapura, Mahadevapura, Bangalore",B Narayanapura,Bengaluru,1250.0,2,2,0,Semi-Furnished,23.0,29000.0,23.2
2 BHK House for Rent in Babusabpalya Bangalore,Babusahib Palya,Bengaluru,800.0,2,1,0,Unfurnished,14.0,11000.0,13.75
"2 BHK Flat for Rent in Babusabpalya, Bangalore",Babusahib Palya,Bengaluru,1040.0,2,2,2,Semi-Furnished,37.0,38000.0,36.54
4 BHK House for Rent in Babusabpalya Bangalore,Babusahib Palya,Bengaluru,1200.0,4,3,0,Semi-Furnished,38.0,45000.0,37.5
"2 BHK Flat for Rent in Bagalur Main Road, Bangalore",Bagalur Main Road,Bengaluru,999.0,2,2,2,Semi-Furnished,25.0,25000.0,25.03
"2 BHK Flat for Rent in Bagalur Main Road, Bangalore",Bagalur Main Road,Bengaluru,687.0,2,2,0,Semi-Furnished,36.0,25000.0,36.39
"2 BHK Flat for Rent in Bagalur Main Road, Bangalore",Bagalur Main Road,Bengaluru,675.0,2,2,2,Semi-Furnished,39.0,26000.0,38.52
"2 BHK Flat for Rent in Bagalur Main Road, Bangalore",Bagalur Main Road,Bengaluru,971.0,2,2,0,Semi-Furnished,29.0,28000.0,28.84
"2 BHK Flat for Rent in Bagalur Main Road, Bangalore",Bagalur Main Road,Bengaluru,971.0,2,2,0,Semi-Furnished,30.0,29000.0,29.87
"2 BHK Flat for Rent in Bagalur Main Road, Bangalore",Bagalur Main Road,Bengaluru,999.0,2,2,2,Furnished,35.0,35000.0,35.04
"2 BHK Flat for Rent in Bagalur Main Road, Bangalore",Bagalur Main Road,Bengaluru,999.0,2,2,0,Semi-Furnished,35.0,35000.0,35.04
"3 BHK Flat for Rent in Bagalur Main Road, Bangalore",Bagalur Main Road,Bengaluru,1224.0,3,2,0,Unfurnished,25.0,30000.0,24.51
"3 BHK Flat for Rent in Bagalur Main Road, Bangalore",Bagalur Main Road,Bengaluru,1431.0,3,3,0,Unfurnished,24.0,35000.0,24.46
"3 BHK Flat for Rent in Bagalur Main Road, Bangalore",Bagalur Main Road,Bengaluru,1002.0,3,3,0,Semi-Furnished,36.0,36000.0,35.93
"3 BHK Flat for Rent in Bagalur Main Road, Bangalore",Bagalur Main Road,Bengaluru,1100.0,3,3,2,Semi-Furnished,36.0,40000.0,36.36
"3 BHK Flat for Rent in Bagalur Main Road, Bangalore",Bagalur Main Road,Bengaluru,1562.0,3,3,0,Unfurnished,27.0,42000.0,26.89
"3 BHK Flat for Rent in Bagalur Main Road, Bangalore",Bagalur Main Road,Bengaluru,1431.0,3,3,2,Furnished,30.0,43000.0,30.05
4 BHK Villa for Rent in Bagalur Sarjapur Road Bangalore,Bagalur Sarjapur Road,Bengaluru,2800.0,4,5,2,Semi-Furnished,9.0,26000.0,9.29
2 BHK House for Rent in Bagaluru Bangalore,Bagaluru,Bengaluru,1100.0,2,2,0,Semi-Furnished,15.0,17000.0,15.45
"2 BHK Flat for Rent in Bagaluru, Bangalore",Bagaluru,Bengaluru,655.0,2,2,2,Unfurnished,38.0,25000.0,38.17
"3 BHK Flat for Rent in Bagaluru, Bangalore",Bagaluru,Bengaluru,1277.0,3,2,2,Semi-Furnished,26.0,33000.0,25.84
"2 BHK Flat for Rent in Balagere, Bangalore",Balagere,Bengaluru,1200.0,2,2,2,Semi-Furnished,16.0,19000.0,15.83
2 BHK House for Rent in Balagere Bangalore,Balagere,Bengaluru,900.0,2,2,0,Furnished,28.0,25000.0,27.78
"2 BHK Flat for Rent in Balagere, Bangalore",Balagere,Bengaluru,850.0,2,2,0,Semi-Furnished,47.0,40000.0,47.06
"2 BHK Flat for Rent in Balagere, Bangalore",Balagere,Bengaluru,900.0,2,2,0,Furnished,58.0,52000.0,57.78
"3 BHK Flat for Rent in Balagere, Bangalore",Balagere,Bengaluru,1700.0,3,3,2,Semi-Furnished,37.0,63000.0,37.06
"3 BHK Flat for Rent in Balagere, Bangalore",Balagere,Bengaluru,1250.0,3,3,0,Semi-Furnished,52.0,65000.0,52.0
3 BHK House for Rent in Balaji Layout Kaggadasapura Bangalore,Balaji Layout,Bengaluru,2300.0,3,3,0,Semi-Furnished,24.0,55000.0,23.91
"4 BHK Flat for Rent in Balaji Layout Cooke Town, Bangalore",Balaji Layout Cooke Town,Bengaluru,2500.0,4,4,2,Semi-Furnished,60.0,150000.0,60.0
1 BHK House for Rent in Banashankari Bangalore,Banashankari,Bengaluru,200.0,1,1,0,Semi-Furnished,28.0,5500.0,27.5
1 BHK House for Rent in Banashankari Bangalore,Banashankari,Bengaluru,424.0,1,1,0,Unfurnished,14.0,6000.0,14.15
1 BHK House for Rent in Banashankari Bangalore,Banashankari,Bengaluru,528.0,1,1,0,Unfurnished,17.0,8800.0,16.67
2 BHK House for Rent in Banashankari Bangalore,Banashankari,Bengaluru,1200.0,2,2,0,Semi-Furnished,29.0,35000.0,29.17
"3 BHK Flat for Rent in Banashankari, Bangalore",Banashankari,Bengaluru,2400.0,3,3,0,Unfurnished,19.0,45000.0,18.75
"3 BHK Flat for Rent in Banashankari, Bangalore",Banashankari,Bengaluru,2378.0,3,3,0,Semi-Furnished,28.0,66300.0,27.88
"3 BHK Flat for Rent in Banashankari, Bangalore",Banashankari,Bengaluru,2522.0,3,3,0,Unfurnished,31.0,79000.0,31.32
"3 BHK Flat for Rent in Banashankari, Bangalore",Banashankari,Bengaluru,1891.0,3,3,0,Semi-Furnished,42.0,80000.0,42.31
4 BHK House for Rent in Banashankari Bangalore,Banashankari,Bengaluru,3500.0,4,4,0,Semi-Furnished,23.0,80000.0,22.86
"4 BHK Flat for Rent in Banashankari, Bangalore",Banashankari,Bengaluru,2403.0,4,4,0,Unfurnished,37.0,90000.0,37.45
4 BHK House for Rent in Banashankari Bangalore,Banashankari,Bengaluru,4500.0,4,4,4,Semi-Furnished,33.0,150000.0,33.33
6 BHK Villa for Rent in Block 11th Stage 6th Banakshankari Bangalore,Banashankari 6Th Stage-11Th Block,Bengaluru,4000.0,6,6,0,Semi-Furnished,18.0,70000.0,17.5
1 BHK House for Rent in Stage 1 Banashankari Bangalore,Banashankari Stage 1,Bengaluru,200.0,1,1,0,Unfurnished,26.0,5300.0,26.5
1 BHK House for Rent in Stage 2nd Banashankari Bangalore,Banashankari Stage 2,Bengaluru,520.0,1,2,0,Unfurnished,10.0,5000.0,9.62
"1 BHK Flat for Rent in Stage 2nd Banashankari, Bangalore",Banashankari Stage 2,Bengaluru,300.0,1,1,0,Semi-Furnished,35.0,10500.0,35.0
"2 BHK Flat for Rent in Stage 3rd Banashankari, Bangalore",Banashankari Stage 3,Bengaluru,1200.0,2,2,2,Unfurnished,25.0,30000.0,25.0
"3 BHK Flat for Rent in Stage 3rd Banashankari, Bangalore",Banashankari Stage 3,Bengaluru,1400.0,3,2,0,Semi-Furnished,24.0,33000.0,23.57
"1 BHK Flat for Rent in Stage 6th Banashankari, Bangalore",Banashankari Stage 6,Bengaluru,400.0,1,1,0,Semi-Furnished,50.0,20000.0,50.0
"1 BHK Flat for Rent in Stage 6th Banashankari, Bangalore",Banashankari Stage 6,Bengaluru,370.0,1,1,0,Semi-Furnished,68.0,25000.0,67.57
"1 BHK Flat for Rent in Stage 6th Banashankari, Bangalore",Banashankari Stage 6,Bengaluru,572.0,1,1,0,Semi-Furnished,44.0,25000.0,43.71
2 BHK House for Rent in Stage 6th Banashankari Bangalore,Banashankari Stage 6,Bengaluru,1000.0,2,2,0,Unfurnished,12.0,12000.0,12.0
"2 BHK Flat for Rent in Stage 6th Banashankari, Bangalore",Banashankari Stage 6,Bengaluru,989.0,2,2,2,Semi-Furnished,32.0,32000.0,32.36
"2 BHK Flat for Rent in Stage 6th Banashankari, Bangalore",Banashankari Stage 6,Bengaluru,605.0,2,2,0,Semi-Furnished,58.0,35000.0,57.85
"2 BHK Flat for Rent in Stage 6th Banashankari, Bangalore",Banashankari Stage 6,Bengaluru,989.0,2,2,0,Semi-Furnished,36.0,35500.0,35.89
1 BHK House for Rent in Banaswadi Bangalore,Banaswadi,Bengaluru,850.0,1,1,0,Semi-Furnished,11.0,9500.0,11.18
"2 BHK Flat for Rent in Banaswadi, Bangalore",Banaswadi,Bengaluru,1225.0,2,3,3,Semi-Furnished,29.0,35000.0,28.57
"3 BHK Flat for Rent in Banaswadi, Bangalore",Banaswadi,Bengaluru,1600.0,3,3,2,Semi-Furnished,28.0,44000.0,27.5
1 BHK House for Rent in Bangalore Shivamogga Road Bangalore,Bangalore Shivamogga Road,Bengaluru,650.0,1,1,0,Unfurnished,10.0,6250.0,9.62
3 BHK House for Rent in Bank Colony Konanakunte Bangalore,Bank Colony Konanakunte,Bengaluru,1250.0,3,3,2,Semi-Furnished,20.0,25000.0,20.0
"1 BHK Flat for Rent in Bannerughatta, Bangalore",Bannerghatta,Bengaluru,470.0,1,1,0,Semi-Furnished,68.0,32000.0,68.09
2 BHK House for Rent in Bannerughatta Bangalore,Bannerghatta,Bengaluru,900.0,2,2,0,Semi-Furnished,20.0,18000.0,20.0
2 BHK House for Rent in Bannerughatta Bangalore,Bannerghatta,Bengaluru,1000.0,2,2,0,Semi-Furnished,18.0,18000.0,18.0
"3 BHK Flat for Rent in Bannerughatta, Bangalore",Bannerghatta,Bengaluru,1342.0,3,2,0,Semi-Furnished,35.0,47000.0,35.02
"3 BHK Flat for Rent in Bannerughatta, Bangalore",Bannerghatta,Bengaluru,1600.0,3,3,2,Semi-Furnished,44.0,70000.0,43.75
3 BHK Villa for Rent in Bannerughatta Bangalore,Bannerghatta,Bengaluru,1800.0,3,3,2,Semi-Furnished,40.0,72000.0,40.0
2 BHK House for Rent in Bannerghatta Main Road Bangalore,Bannerghatta Road,Bengaluru,1200.0,2,2,0,Semi-Furnished,13.0,16000.0,13.33
"2 BHK Flat for Rent in Bannerghatta Main Road, Bangalore",Bannerghatta Road,Bengaluru,1150.0,2,2,2,Semi-Furnished,22.0,25000.0,21.74
2 BHK House for Rent in Bannerghatta Main Road Bangalore,Bannerghatta Road,Bengaluru,800.0,2,2,0,Unfurnished,34.0,27000.0,33.75
"2 BHK Flat for Rent in Bannerghatta Main Road, Bangalore",Bannerghatta Road,Bengaluru,1380.0,2,2,2,Unfurnished,22.0,30000.0,21.74
"2 BHK Flat for Rent in Bannerghatta Main Road, Bangalore",Bannerghatta Road,Bengaluru,965.0,2,2,2,Semi-Furnished,33.0,32000.0,33.16
"2 BHK Flat for Rent in Bannerghatta Main Road, Bangalore",Bannerghatta Road,Bengaluru,1050.0,2,2,0,Semi-Furnished,33.0,35000.0,33.33
"2 BHK Flat for Rent in Bannerghatta Main Road, Bangalore",Bannerghatta Road,Bengaluru,1270.0,2,2,2,Semi-Furnished,28.0,35000.0,27.56
"2 BHK Flat for Rent in Bannerghatta Main Road, Bangalore",Bannerghatta Road,Bengaluru,1100.0,2,2,0,Semi-Furnished,59.0,65000.0,59.09
"3 BHK Flat for Rent in Bannerghatta Main Road, Bangalore",Bannerghatta Road,Bengaluru,2300.0,3,4,4,Semi-Furnished,15.0,35000.0,15.22
"3 BHK Flat for Rent in Bannerghatta Main Road, Bangalore",Bannerghatta Road,Bengaluru,1445.0,3,3,3,Semi-Furnished,30.0,43000.0,29.76
"3 BHK Flat for Rent in Bannerghatta Main Road, Bangalore",Bannerghatta Road,Bengaluru,1495.0,3,3,0,Semi-Furnished,30.0,45000.0,30.1
"3 BHK Flat for Rent in Bannerghatta Main Road, Bangalore",Bannerghatta Road,Bengaluru,1710.0,3,3,2,Semi-Furnished,28.0,48000.0,28.07
"3 BHK Flat for Rent in Bannerghatta Main Road, Bangalore",Bannerghatta Road,Bengaluru,1400.0,3,3,3,Semi-Furnished,39.0,55000.0,39.29
"3 BHK Flat for Rent in Bannerghatta Main Road, Bangalore",Bannerghatta Road,Bengaluru,1810.0,3,3,2,Semi-Furnished,33.0,60000.0,33.15
"3 BHK Flat for Rent in Bannerghatta Main Road, Bangalore",Bannerghatta Road,Bengaluru,1810.0,3,3,2,Unfurnished,36.0,65000.0,35.91
3 BHK Villa for Rent in Bannerghatta Main Road Bangalore,Bannerghatta Road,Bengaluru,2215.0,3,3,3,Semi-Furnished,29.0,65000.0,29.35
3 BHK Villa for Rent in Bannerghatta Main Road Bangalore,Bannerghatta Road,Bengaluru,2254.0,3,3,0,Semi-Furnished,33.0,75000.0,33.27
"3 BHK Flat for Rent in Bannerghatta Main Road, Bangalore",Bannerghatta Road,Bengaluru,2072.0,3,4,0,Furnished,39.0,80000.0,38.61
"3 BHK Flat for Rent in Bannerghatta Main Road, Bangalore",Bannerghatta Road,Bengaluru,2251.0,3,3,2,Unfurnished,38.0,85000.0,37.76
"5 BHK Flat for Rent in Bannerghatta Main Road, Bangalore",Bannerghatta Road,Bengaluru,2000.0,5,5,3,Unfurnished,30.0,60000.0,30.0
1 BHK House for Rent in Bapuji Nagar Bangalore,Bapuji Nagar,Bengaluru,300.0,1,1,0,Unfurnished,17.0,5000.0,16.67
1 BHK House for Rent in Bapuji Nagar Bangalore,Bapuji Nagar,Bengaluru,500.0,1,1,0,Unfurnished,15.0,7500.0,15.0
1 BHK House for Rent in Basapura Bangalore,Basapura,Bengaluru,500.0,1,1,0,Unfurnished,11.0,5500.0,11.0
1 BHK House for Rent in Basapura Bangalore,Basapura,Bengaluru,550.0,1,1,0,Semi-Furnished,25.0,14000.0,25.45
"1 BHK Flat for Rent in Basapura, Bangalore",Basapura,Bengaluru,460.0,1,1,0,Semi-Furnished,43.0,20000.0,43.48
"3 BHK Flat for Rent in Basapura Main Road, Bangalore",Basapura Main Road,Bengaluru,1350.0,3,3,2,Unfurnished,22.0,30000.0,22.22
"3 BHK Flat for Rent in Basavanagar Main Road, Bangalore",Basavanagar Main Road,Bengaluru,1770.0,3,3,2,Semi-Furnished,23.0,40000.0,22.6
1 BHK House for Rent in Basavanagara Bangalore,Basavanagara,Bengaluru,650.0,1,1,0,Unfurnished,20.0,13000.0,20.0
2 BHK House for Rent in Basavanagara Bangalore,Basavanagara,Bengaluru,1400.0,2,2,0,Semi-Furnished,14.0,20000.0,14.29
1 BHK House for Rent in Basavanagudi Bangalore,Basavanagudi,Bengaluru,700.0,1,1,0,Semi-Furnished,16.0,11000.0,15.71
"2 BHK Flat for Rent in Basavanagudi, Bangalore",Basavanagudi,Bengaluru,900.0,2,1,0,Unfurnished,20.0,18000.0,20.0
3 BHK House for Rent in Basavanapura Bangalore,Basavanapura,Bengaluru,1600.0,3,2,0,Semi-Furnished,13.0,21000.0,13.12
"3 BHK Flat for Rent in Basavanna Nagar, Whitefield, Bangalore",Basavanna Nagar,Bengaluru,2700.0,3,4,2,Semi-Furnished,41.0,110000.0,40.74
1 BHK House for Rent in Basaveshwar Nagar Bangalore,Basaveshwar Nagar,Bengaluru,700.0,1,1,0,Semi-Furnished,17.0,12000.0,17.14
2 BHK House for Rent in Basaveshwar Nagar Bangalore,Basaveshwar Nagar,Bengaluru,1350.0,2,2,0,Unfurnished,19.0,26000.0,19.26
3 BHK House for Rent in Basaveshwar Nagar Bangalore,Basaveshwar Nagar,Bengaluru,1200.0,3,2,0,Semi-Furnished,15.0,18000.0,15.0
"3 BHK Flat for Rent in Basaveshwar Nagar, Bangalore",Basaveshwar Nagar,Bengaluru,1405.0,3,2,0,Furnished,25.0,35000.0,24.91
3 BHK House for Rent in Basaveshwar Nagar Bangalore,Basaveshwar Nagar,Bengaluru,1900.0,3,3,2,Semi-Furnished,26.0,50000.0,26.32
3 BHK House for Rent in Basaveshwar Nagar Bangalore,Basaveshwar Nagar,Bengaluru,1700.0,3,3,0,Unfurnished,35.0,60000.0,35.29
"3 BHK Flat for Rent in Basaveshwara Hbcs Layout, Vijayanagar, West Of Chord Road, Bangalore",Basaveshwara Hbcs Layout,Bengaluru,2400.0,3,3,0,Semi-Furnished,15.0,36000.0,15.0
"3 BHK Flat for Rent in Battarahalli, Bangalore",Battarahalli,Bengaluru,1764.0,3,3,2,Semi-Furnished,28.0,50000.0,28.34
"3 BHK Flat for Rent in Battarahalli, Bangalore",Battarahalli,Bengaluru,1411.0,3,3,2,Semi-Furnished,39.0,55000.0,38.98
"3 BHK Flat for Rent in Battarahalli, Bangalore",Battarahalli,Bengaluru,1864.0,3,3,0,Furnished,32.0,60000.0,32.19
"2 BHK House for Rent in Bcc Layout, Deepanjali Nagar Bangalore",Bcc Layout,Bengaluru,600.0,2,2,0,Unfurnished,33.0,20000.0,33.33
2 BHK House for Rent in BDA Lay Out Chandra Layout Bangalore,Bda Lay Out Chandra Layout,Bengaluru,750.0,2,2,0,Semi-Furnished,20.0,15000.0,20.0
"2 BHK Flat for Rent in BDA Layout HSR Layout, Bangalore",Bda Layout-HSR Layout,Bengaluru,1200.0,2,2,2,Semi-Furnished,29.0,35000.0,29.17
"1 BHK Flat for Rent in Begur, Bangalore",Begur,Bengaluru,450.0,1,1,0,Semi-Furnished,22.0,10000.0,22.22
"1 BHK Flat for Rent in Begur, Bangalore",Begur,Bengaluru,470.0,1,1,2,Semi-Furnished,64.0,30000.0,63.83
"2 BHK Flat for Rent in Begur, Bangalore",Begur,Bengaluru,905.0,2,2,2,Semi-Furnished,46.0,42000.0,46.41
"2 BHK Flat for Rent in Begur, Bangalore",Begur,Bengaluru,930.0,2,2,0,Semi-Furnished,45.0,42000.0,45.16
"3 BHK Flat for Rent in Begur Hulimavu Road, Bangalore",Begur Hulimavu Road,Bengaluru,1450.0,3,2,3,Furnished,22.0,32000.0,22.07
"2 BHK Flat for Rent in Begur Road, Bangalore",Begur Road,Bengaluru,891.0,2,2,0,Semi-Furnished,46.0,41000.0,46.02
"2 BHK Flat for Rent in Begur Road, Bangalore",Begur Road,Bengaluru,900.0,2,2,0,Unfurnished,47.0,42000.0,46.67
"3 BHK Flat for Rent in Begur Road, Bangalore",Begur Road,Bengaluru,1403.0,3,4,2,Unfurnished,39.0,55000.0,39.2
"3 BHK Flat for Rent in Begur Road, Bangalore",Begur Road,Bengaluru,1860.0,3,3,3,Unfurnished,30.0,56000.0,30.11
"3 BHK Flat for Rent in Begur Road, Bangalore",Begur Road,Bengaluru,1631.0,3,2,2,Semi-Furnished,36.0,58000.0,35.56
"2 BHK House for Rent in Bellandur, Outer Ring Road Bangalore",Bellandur,Bengaluru,1200.0,2,2,0,Semi-Furnished,28.0,33000.0,27.5
"2 BHK Flat for Rent in Bellandur, Outer Ring Road, Bangalore",Bellandur,Bengaluru,1185.0,2,2,0,Unfurnished,30.0,35000.0,29.54
"2 BHK Flat for Rent in Bellandur, Outer Ring Road, Bangalore",Bellandur,Bengaluru,1000.0,2,2,2,Semi-Furnished,40.0,40000.0,40.0
"2 BHK Flat for Rent in Bellandur, Outer Ring Road, Bangalore",Bellandur,Bengaluru,945.0,2,2,2,Semi-Furnished,47.0,44000.0,46.56
"2 BHK Flat for Rent in Bellandur, Outer Ring Road, Bangalore",Bellandur,Bengaluru,1000.0,2,2,2,Semi-Furnished,45.0,45000.0,45.0
"3 BHK Flat for Rent in Bellandur, Outer Ring Road, Bangalore",Bellandur,Bengaluru,1450.0,3,2,2,Semi-Furnished,32.0,47000.0,32.41
"3 BHK Flat for Rent in Bellandur, Outer Ring Road, Bangalore",Bellandur,Bengaluru,1300.0,3,3,2,Semi-Furnished,38.0,50000.0,38.46
"3 BHK Flat for Rent in Bellandur, Outer Ring Road, Bangalore",Bellandur,Bengaluru,1880.0,3,3,2,Unfurnished,35.0,65000.0,34.57
"3 BHK Flat for Rent in Bellandur, Outer Ring Road, Bangalore",Bellandur,Bengaluru,1350.0,3,3,4,Semi-Furnished,58.0,78000.0,57.78
"3 BHK Flat for Rent in Bellandur, Outer Ring Road, Bangalore",Bellandur,Bengaluru,2380.0,3,4,3,Semi-Furnished,33.0,78000.0,32.77
"3 BHK Flat for Rent in Bellandur, Outer Ring Road, Bangalore",Bellandur,Bengaluru,2200.0,3,3,0,Unfurnished,36.0,80000.0,36.36
"4 BHK Villa for Rent in Bellandur, Outer Ring Road Bangalore",Bellandur,Bengaluru,3400.0,4,5,2,Semi-Furnished,68.0,230000.0,67.65
"5 BHK Flat for Rent in Bellandur, Outer Ring Road, Bangalore",Bellandur,Bengaluru,4800.0,5,6,7,Semi-Furnished,47.0,230000.0,47.92
"3 BHK Flat for Rent in Bellandur Lake Road, Bangalore",Bellandur Lake Road,Bengaluru,2000.0,3,3,0,Furnished,29.0,58000.0,29.0
"2 BHK Flat for Rent in Kasavanahalli Village, Bangalore",Bellandur-Marathahalli,Bengaluru,800.0,2,2,0,Semi-Furnished,31.0,25000.0,31.25
"3 BHK Flat for Rent in Bellary Road, Bangalore",Bellary Road,Bengaluru,1350.0,3,2,2,Semi-Furnished,21.0,28000.0,20.74
"3 BHK Flat for Rent in Bellary Road, Bangalore",Bellary Road,Bengaluru,2636.0,3,4,2,Unfurnished,19.0,50000.0,18.97
"3 BHK House for Rent in Beml Layout-Brookefield, Brookefield Bangalore",Beml Layout-Brookefield,Bengaluru,1400.0,3,2,2,Semi-Furnished,25.0,35000.0,25.0
"3 BHK House for Rent in Beml Layout-Brookefield, Brookefield Bangalore",Beml Layout-Brookefield,Bengaluru,1600.0,3,2,0,Furnished,31.0,50000.0,31.25
"3 BHK Flat for Rent in Beml Layout-Brookefield, Brookefield, Bangalore",Beml Layout-Brookefield,Bengaluru,1605.0,3,3,3,Semi-Furnished,31.0,50000.0,31.15
1 BHK House for Rent in Bengaluru Kanakapura Road Bangalore,Bengaluru Kanakapura Road,Bengaluru,800.0,1,1,0,Unfurnished,22.0,18000.0,22.5
"4 BHK Flat for Rent in Bengaluru Main Road, Bangalore",Bengaluru Main Road,Bengaluru,2400.0,4,3,0,Semi-Furnished,17.0,40000.0,16.67
"3 BHK Flat for Rent in Benson Town, Bangalore",Benson Town,Bengaluru,1600.0,3,3,3,Semi-Furnished,36.0,58000.0,36.25
"3 BHK Flat for Rent in Benson Town, Bangalore",Benson Town,Bengaluru,2200.0,3,3,2,Semi-Furnished,45.0,100000.0,45.45
"4 BHK Flat for Rent in Benson Town, Bangalore",Benson Town,Bengaluru,3300.0,4,4,3,Furnished,68.0,230000.0,69.7
1 BHK House for Rent in Bettadasanapura Bangalore,Bettadasanapura,Bengaluru,350.0,1,1,0,Unfurnished,9.0,3000.0,8.57
1 BHK House for Rent in Bettadasanapura Bangalore,Bettadasanapura,Bengaluru,550.0,1,1,0,Semi-Furnished,17.0,9500.0,17.27
"1 BHK Flat for Rent in Bhavani Nagar SG Palya, Bangalore",Bhavani Nagar,Bengaluru,600.0,1,1,0,Furnished,45.0,26999.0,45.0
2 BHK House for Rent in Bhavani Nagar Shakti Farm Bangalore,Bhavani Nagar Shakti Farm,Bengaluru,1100.0,2,2,0,Unfurnished,14.0,15000.0,13.64
2 BHK House for Rent in Bhoganhalli Bangalore,Bhoganhalli,Bengaluru,1400.0,2,3,0,Semi-Furnished,18.0,25000.0,17.86
"2 BHK Flat for Rent in Bhoganhalli, Bangalore",Bhoganhalli,Bengaluru,1000.0,2,2,0,Semi-Furnished,60.0,60000.0,60.0
"3 BHK Flat for Rent in Bhoganhalli, Bangalore",Bhoganhalli,Bengaluru,1800.0,3,3,2,Semi-Furnished,43.0,77000.0,42.78
"3 BHK Flat for Rent in Bhoganhalli, Bangalore",Bhoganhalli,Bengaluru,1086.0,3,3,0,Unfurnished,72.0,78000.0,71.82
4 BHK House for Rent in Bhuvaneswari Nagar Hebbal Kempapura Bangalore,Bhuvaneshwari Nagar,Bengaluru,2400.0,4,4,3,Furnished,42.0,100000.0,41.67
4 BHK House for Rent in Bhyraveshwara Nagar Govindaraja Nagar Ward Bangalore,Bhyraveshwara Nagar,Bengaluru,950.0,4,4,0,Unfurnished,37.0,35000.0,36.84
3 BHK House for Rent in Bidarahalli Bangalore,Bidarahalli,Bengaluru,1100.0,3,2,3,Semi-Furnished,35.0,38000.0,34.55
1 BHK House for Rent in Bidare Agraha Bangalore,Bidare Agrahara,Bengaluru,500.0,1,1,0,Semi-Furnished,15.0,7500.0,15.0
1 BHK House for Rent in Bidare Agraha Bangalore,Bidare Agrahara,Bengaluru,600.0,1,1,0,Semi-Furnished,13.0,8000.0,13.33
"2 BHK Flat for Rent in Bidare Agraha, Bangalore",Bidare Agrahara,Bengaluru,650.0,2,2,2,Semi-Furnished,27.0,17500.0,26.92
"2 BHK Flat for Rent in Bidare Agraha, Bangalore",Bidare Agrahara,Bengaluru,700.0,2,2,2,Semi-Furnished,26.0,18500.0,26.43
"2 BHK Flat for Rent in Bidare Agraha, Bangalore",Bidare Agrahara,Bengaluru,750.0,2,2,0,Furnished,27.0,20000.0,26.67
"2 BHK Flat for Rent in Bikasipura, kanakapura Road, Bangalore",Bikasipura,Bengaluru,800.0,2,2,0,Semi-Furnished,31.0,25000.0,31.25
"2 BHK Flat for Rent in Bilekahalli, Bangalore",Bilekahalli,Bengaluru,1160.0,2,2,3,Semi-Furnished,22.0,26000.0,22.41
2 BHK House for Rent in Bilekahalli Bangalore,Bilekahalli,Bengaluru,950.0,2,2,0,Semi-Furnished,29.0,28000.0,29.47
"3 BHK Flat for Rent in Bilekahalli, Bangalore",Bilekahalli,Bengaluru,1100.0,3,2,0,Semi-Furnished,45.0,50000.0,45.45
1 BHK House for Rent in Bileshivale Bangalore,Bileshivale,Bengaluru,750.0,1,1,0,Unfurnished,11.0,8500.0,11.33
3 BHK House for Rent in Binnamangala Stage 1 Indiranagar Bangalore,Binnamangala Stage 1 Indiranagar,Bengaluru,2400.0,3,3,0,Semi-Furnished,35.0,85000.0,35.42
"3 BHK Flat for Rent in Binnamangala Stage 1 Indiranagar, Bangalore",Binnamangala Stage 1 Indiranagar,Bengaluru,1800.0,3,3,0,Semi-Furnished,64.0,120000.0,66.67
"2 BHK Flat for Rent in Binny Pete, Bangalore",Binny Pete,Bengaluru,975.0,2,2,2,Furnished,51.0,50000.0,51.28
"3 BHK Flat for Rent in Block 1st JayaNagar, Bangalore",Block 1St Jayanagar,Bengaluru,2000.0,3,4,0,Semi-Furnished,50.0,100000.0,50.0
2 BHK House for Rent in Block 1st Koramangala Bangalore,Block 1St Koramangala,Bengaluru,800.0,2,2,0,Unfurnished,31.0,25000.0,31.25
"2 BHK Flat for Rent in Block 1st Koramangala, Bangalore",Block 1St Koramangala,Bengaluru,850.0,2,2,0,Semi-Furnished,35.0,30000.0,35.29
"2 BHK Flat for Rent in Block 1st Koramangala, Bangalore",Block 1St Koramangala,Bengaluru,1380.0,2,2,0,Furnished,51.0,70000.0,50.72
"4 BHK Flat for Rent in Block 1st Koramangala, Bangalore",Block 1St Koramangala,Bengaluru,2100.0,4,4,3,Furnished,71.0,150000.0,71.43
"3 BHK Flat for Rent in Block 2nd JayaNagar East, Bangalore",Block 2Nd Jayanagar East,Bengaluru,1650.0,3,3,0,Semi-Furnished,39.0,65000.0,39.39
"4 BHK Flat for Rent in Block 2nd JayaNagar East, Bangalore",Block 2Nd Jayanagar East,Bengaluru,2600.0,4,3,0,Semi-Furnished,21.0,55000.0,21.15
"2 BHK Flat for Rent in Block 2nd Koramangala, Bangalore",Block 2Nd Koramangala,Bengaluru,1500.0,2,1,2,Semi-Furnished,33.0,50000.0,33.33
1 BHK House for Rent in Block 3rd Jayanagar East Bangalore,Block 3Rd Jayanagar East,Bengaluru,400.0,1,1,0,Unfurnished,26.0,10500.0,26.25
"2 BHK Flat for Rent in Block 3rd Jayanagar East, Bangalore",Block 3Rd Jayanagar East,Bengaluru,1000.0,2,2,0,Semi-Furnished,42.0,42000.0,42.0
4 BHK House for Rent in Block 3rd Koramangala Bangalore,Block 3Rd Koramangala,Bengaluru,4800.0,4,4,4,Semi-Furnished,63.0,300000.0,62.5
2 BHK House for Rent in Block 3rd Narayana Nagar Bangalore,Block 3Rd Narayana Nagar,Bengaluru,1100.0,2,2,0,Semi-Furnished,20.0,22000.0,20.0
1 BHK House for Rent in Block 4th Jayanagar Bangalore,Block 4Th Jayanagar,Bengaluru,650.0,1,1,0,Semi-Furnished,18.0,12000.0,18.46
2 BHK House for Rent in Block 4th Jayanagar Bangalore,Block 4Th Jayanagar,Bengaluru,1100.0,2,3,0,Semi-Furnished,41.0,45000.0,40.91
3 BHK House for Rent in Block 4th Jayanagar Bangalore,Block 4Th Jayanagar,Bengaluru,1800.0,3,2,0,Unfurnished,22.0,40000.0,22.22
"3 BHK Flat for Rent in Block 4th Jayanagar, Bangalore",Block 4Th Jayanagar,Bengaluru,1800.0,3,3,2,Furnished,39.0,70000.0,38.89
"2 BHK Flat for Rent in Block 5th Jayanagar, Bangalore",Block 5Th Jayanagar,Bengaluru,1200.0,2,2,0,Semi-Furnished,50.0,60000.0,50.0
"4 BHK Flat for Rent in Block 5th Jayanagar, Bangalore",Block 5Th Jayanagar,Bengaluru,3000.0,4,4,3,Semi-Furnished,67.0,200000.0,66.67
"3 BHK Flat for Rent in Block 5th Koramangala, Bangalore",Block 5Th Koramangala,Bengaluru,1620.0,3,3,2,Semi-Furnished,31.0,50000.0,30.86
"1 BHK Flat for Rent in Block 6th Koramangala, Bangalore",Block 6Th Koramangala,Bengaluru,500.0,1,1,0,Semi-Furnished,42.0,21000.0,42.0
2 BHK House for Rent in Block 6th Koramangala Bangalore,Block 6Th Koramangala,Bengaluru,1000.0,2,2,0,Semi-Furnished,32.0,32000.0,32.0
"3 BHK Flat for Rent in Block 7th Jayanagar, Bangalore",Block 7Th Jayanagar,Bengaluru,1650.0,3,3,0,Unfurnished,30.0,50000.0,30.3
4 BHK House for Rent in Block 7th Jayanagar Bangalore,Block 7Th Jayanagar,Bengaluru,3800.0,4,3,3,Furnished,46.0,180000.0,47.37
1 BHK House for Rent in Bommanahalli Bangalore,Bommanahalli,Bengaluru,400.0,1,1,0,Unfurnished,19.0,7500.0,18.75
1 BHK House for Rent in Bommanahalli Bangalore,Bommanahalli,Bengaluru,350.0,1,1,0,Semi-Furnished,34.0,12000.0,34.29
"3 BHK Flat for Rent in Bommanahalli, Bangalore",Bommanahalli,Bengaluru,1450.0,3,3,2,Semi-Furnished,24.0,35000.0,24.14
"3 BHK Flat for Rent in Bommanahalli, Bangalore",Bommanahalli,Bengaluru,1850.0,3,3,2,Furnished,46.0,85000.0,45.95
"3 BHK Flat for Rent in Bommanahalli, Bangalore",Bommanahalli,Bengaluru,1600.0,3,2,2,Furnished,56.0,90000.0,56.25
"1 BHK Flat for Rent in Bommasandra, Bangalore",Bommasandra,Bengaluru,500.0,1,1,0,Semi-Furnished,13.0,6500.0,13.0
"3 BHK Flat for Rent in Bommasandra, Bangalore",Bommasandra,Bengaluru,1050.0,3,2,3,Semi-Furnished,19.0,20000.0,19.05
"3 BHK Flat for Rent in Bommasandra, Bangalore",Bommasandra,Bengaluru,1400.0,3,2,3,Furnished,25.0,35000.0,25.0
3 BHK House for Rent in Bommasandra Bangalore,Bommasandra,Bengaluru,1300.0,3,2,0,Semi-Furnished,31.0,40000.0,30.77
4 BHK Villa for Rent in Bommasandra Bangalore,Bommasandra,Bengaluru,2200.0,4,4,0,Semi-Furnished,18.0,40000.0,18.18
5 BHK Villa for Rent in Bommasandra Bangalore,Bommasandra,Bengaluru,4400.0,5,3,0,Semi-Furnished,17.0,75000.0,17.05
"2 BHK Flat for Rent in Bommasandra Jigani Link Road, Bangalore",Bommasandra Jigani Link Road,Bengaluru,950.0,2,2,2,Semi-Furnished,22.0,21000.0,22.11
"2 BHK Flat for Rent in Bommasandra Jigani Link Road, Bangalore",Bommasandra Jigani Link Road,Bengaluru,1044.0,2,2,0,Semi-Furnished,29.0,30000.0,28.74
"2 BHK Flat for Rent in Bommasandra Jigani Link Road, Bangalore",Bommasandra Jigani Link Road,Bengaluru,830.0,2,2,0,Semi-Furnished,36.0,30000.0,36.14
1 BHK House for Rent in Borewell Road Bangalore,Borewell Road,Bengaluru,400.0,1,1,0,Furnished,48.0,19000.0,47.5
"3 BHK Flat for Rent in Brigade Metropolis, Mahadevapura, Bangalore",Brigade Metropolis,Bengaluru,1700.0,3,3,2,Semi-Furnished,38.0,65000.0,38.24
"4 BHK Flat for Rent in Brigade Metropolis, Mahadevapura, Bangalore",Brigade Metropolis,Bengaluru,2300.0,4,4,3,Semi-Furnished,57.0,130000.0,56.52
2 BHK House for Rent in Brindavan Nagar Mathikere Bangalore,Brindavan Nagar Mathikere,Bengaluru,1200.0,2,3,0,Semi-Furnished,25.0,30000.0,25.0
"2 BHK Flat for Rent in Brookefield, Bangalore",Brookefield,Bengaluru,800.0,2,2,0,Semi-Furnished,38.0,30000.0,37.5
"3 BHK Flat for Rent in Brookefield, Bangalore",Brookefield,Bengaluru,1700.0,3,3,3,Semi-Furnished,41.0,70000.0,41.18
1 BHK House for Rent in Btm Layout Bangalore,Btm Layout,Bengaluru,500.0,1,1,0,Semi-Furnished,25.0,12500.0,25.0
1 BHK House for Rent in Btm Layout Bangalore,Btm Layout,Bengaluru,500.0,1,1,0,Unfurnished,30.0,15000.0,30.0
"2 BHK Flat for Rent in Btm Layout, Bangalore",Btm Layout,Bengaluru,1000.0,2,2,0,Semi-Furnished,25.0,25000.0,25.0
"2 BHK Flat for Rent in Btm Layout, Bangalore",Btm Layout,Bengaluru,1360.0,2,2,0,Unfurnished,19.0,26000.0,19.12
4 BHK House for Rent in Btm Layout Bangalore,Btm Layout,Bengaluru,3500.0,4,4,2,Semi-Furnished,57.0,200000.0,57.14
"4 BHK Flat for Rent in Btm Layout, Bangalore",Btm Layout,Bengaluru,4500.0,4,4,3,Furnished,46.0,210000.0,46.67
"1 BHK Flat for Rent in Stage 1 BTM Layout, Bangalore",Btm Layout Stage 1,Bengaluru,650.0,1,1,0,Semi-Furnished,28.0,18000.0,27.69
"1 BHK Flat for Rent in Stage 1 BTM Layout, Bangalore",Btm Layout Stage 1,Bengaluru,530.0,1,1,0,Furnished,57.0,30000.0,56.6
"2 BHK Flat for Rent in Stage 1 BTM Layout, Bangalore",Btm Layout Stage 1,Bengaluru,1000.0,2,2,0,Semi-Furnished,18.0,18000.0,18.0
"4 BHK Flat for Rent in Stage 1 BTM Layout, Bangalore",Btm Layout Stage 1,Bengaluru,3300.0,4,4,3,Furnished,29.0,95000.0,28.79
"1 BHK Flat for Rent in Stage 2nd BTM Layout, Bangalore",Btm Layout Stage 2,Bengaluru,400.0,1,1,0,Semi-Furnished,33.0,13100.0,32.75
2 BHK House for Rent in Stage 2nd BTM Layout Bangalore,Btm Layout Stage 2,Bengaluru,600.0,2,2,0,Unfurnished,23.0,14000.0,23.33
"2 BHK Flat for Rent in Stage 2nd BTM Layout, Bangalore",Btm Layout Stage 2,Bengaluru,1150.0,2,2,0,Semi-Furnished,23.0,27000.0,23.48
"2 BHK Flat for Rent in Stage 2nd BTM Layout, Bangalore",Btm Layout Stage 2,Bengaluru,600.0,2,2,0,Semi-Furnished,47.0,28000.0,46.67
2 BHK House for Rent in Stage 2nd BTM Layout Bangalore,Btm Layout Stage 2,Bengaluru,1800.0,2,2,0,Unfurnished,20.0,36000.0,20.0
"3 BHK Flat for Rent in Stage 2nd BTM Layout, Bangalore",Btm Layout Stage 2,Bengaluru,2000.0,3,2,0,Furnished,50.0,100000.0,50.0
"2 BHK Flat for Rent in Budigere, Bangalore",Budigere,Bengaluru,965.0,2,2,0,Semi-Furnished,29.0,28000.0,29.02
"2 BHK Flat for Rent in Budigere, Bangalore",Budigere,Bengaluru,840.0,2,2,2,Semi-Furnished,36.0,30000.0,35.71
"2 BHK Flat for Rent in Budigere, Bangalore",Budigere,Bengaluru,1152.0,2,2,0,Semi-Furnished,26.0,30000.0,26.04
"2 BHK Flat for Rent in Budigere, Bangalore",Budigere,Bengaluru,1065.0,2,2,2,Semi-Furnished,28.0,30000.0,28.17
"2 BHK Flat for Rent in Budigere, Bangalore",Budigere,Bengaluru,1153.0,2,2,2,Semi-Furnished,29.0,34000.0,29.49
"3 BHK Flat for Rent in Budigere, Bangalore",Budigere,Bengaluru,1250.0,3,3,2,Semi-Furnished,24.0,30000.0,24.0
"3 BHK Flat for Rent in Budigere, Bangalore",Budigere,Bengaluru,1350.0,3,3,2,Semi-Furnished,28.0,38000.0,28.15
4 BHK Villa for Rent in Budigere Bangalore,Budigere,Bengaluru,1632.0,4,3,0,Semi-Furnished,28.0,45000.0,27.57
4 BHK Villa for Rent in Budigere Bangalore,Budigere,Bengaluru,1650.0,4,3,0,Semi-Furnished,30.0,50000.0,30.3
4 BHK Villa for Rent in Budigere Bangalore,Budigere,Bengaluru,3694.0,4,4,2,Semi-Furnished,22.0,80000.0,21.66
1 BHK House for Rent in Budigere Road Bangalore,Budigere Road,Bengaluru,800.0,1,1,0,Semi-Furnished,15.0,12000.0,15.0
1 BHK House for Rent in Byatarayanapura New Extension Bangalore,Byatarayanapura New Extension,Bengaluru,750.0,1,1,0,Semi-Furnished,13.0,10000.0,13.33
"2 BHK Flat for Rent in Byrappa Layout RMV, Bangalore",Byrappa Layout Rmv 2Nd Stage,Bengaluru,1200.0,2,2,0,Semi-Furnished,17.0,20000.0,16.67
1 BHK House for Rent in Byrathi Bangalore,Byrathi,Bengaluru,700.0,1,1,0,Semi-Furnished,14.0,10000.0,14.29
2 BHK House for Rent in Byrathi Bangalore,Byrathi,Bengaluru,800.0,2,2,0,Semi-Furnished,13.0,10000.0,12.5
2 BHK House for Rent in Byrathi Bangalore,Byrathi,Bengaluru,1200.0,2,2,0,Unfurnished,12.0,14000.0,11.67
"2 BHK Flat for Rent in Byrathi, Bangalore",Byrathi,Bengaluru,950.0,2,2,0,Semi-Furnished,22.0,21000.0,22.11
"3 BHK Flat for Rent in Byrathi, Bangalore",Byrathi,Bengaluru,1640.0,3,2,0,Semi-Furnished,23.0,38000.0,23.17
4 BHK House for Rent in Byrathi Bangalore,Byrathi,Bengaluru,1700.0,4,3,0,Unfurnished,13.0,22000.0,12.94
1 BHK House for Rent in CV Raman Nagar Bangalore,C V Raman Nagar,Bengaluru,600.0,1,1,0,Furnished,16.0,9500.0,15.83
1 BHK House for Rent in CV Raman Nagar Bangalore,C V Raman Nagar,Bengaluru,750.0,1,1,0,Semi-Furnished,13.0,9500.0,12.67
"2 BHK Flat for Rent in CV Raman Nagar, Bangalore",C V Raman Nagar,Bengaluru,1090.0,2,2,0,Semi-Furnished,24.0,26000.0,23.85
2 BHK House for Rent in CV Raman Nagar Bangalore,C V Raman Nagar,Bengaluru,900.0,2,2,0,Semi-Furnished,31.0,28000.0,31.11
"2 BHK Flat for Rent in CV Raman Nagar, Bangalore",C V Raman Nagar,Bengaluru,1150.0,2,2,0,Semi-Furnished,30.0,35000.0,30.43
"2 BHK Flat for Rent in CV Raman Nagar, Bangalore",C V Raman Nagar,Bengaluru,750.0,2,3,0,Furnished,48.0,36000.0,48.0
"2 BHK Flat for Rent in CV Raman Nagar, Bangalore",C V Raman Nagar,Bengaluru,1250.0,2,2,0,Semi-Furnished,32.0,40000.0,32.0
"2 BHK Flat for Rent in CV Raman Nagar, Bangalore",C V Raman Nagar,Bengaluru,1300.0,2,2,0,Semi-Furnished,31.0,40000.0,30.77
"2 BHK Flat for Rent in CV Raman Nagar, Bangalore",C V Raman Nagar,Bengaluru,1392.0,2,2,2,Semi-Furnished,45.0,62000.0,44.54
"3 BHK Flat for Rent in CV Raman Nagar, Bangalore",C V Raman Nagar,Bengaluru,1500.0,3,2,3,Unfurnished,27.0,40000.0,26.67
"3 BHK Flat for Rent in CV Raman Nagar, Bangalore",C V Raman Nagar,Bengaluru,1900.0,3,3,3,Semi-Furnished,37.0,70000.0,36.84
"3 BHK Flat for Rent in CV Raman Nagar, Bangalore",C V Raman Nagar,Bengaluru,1659.0,3,3,0,Semi-Furnished,45.0,75000.0,45.21
"3 BHK Flat for Rent in Cambridge Layout, Jogupalya, Bangalore",Cambridge Layout,Bengaluru,2000.0,3,3,2,Unfurnished,63.0,130000.0,65.0
2 BHK House for Rent in Canara Bank Layout Bangalore,Canara Bank Layout,Bengaluru,900.0,2,2,0,Semi-Furnished,23.0,20500.0,22.78
1 BHK House for Rent in Chamrajpet Bangalore,Chamrajpet,Bengaluru,150.0,1,1,0,Unfurnished,30.0,4500.0,30.0
1 BHK House for Rent in Chandapura Bangalore,Chandapura,Bengaluru,300.0,1,1,0,Unfurnished,18.0,5500.0,18.33
"2 BHK Flat for Rent in Chandapura, Bangalore",Chandapura,Bengaluru,800.0,2,1,0,Furnished,13.0,10500.0,13.12
2 BHK House for Rent in Chandapura Bangalore,Chandapura,Bengaluru,800.0,2,2,0,Semi-Furnished,18.0,14000.0,17.5
"2 BHK Flat for Rent in Chandapura, Bangalore",Chandapura,Bengaluru,942.0,2,2,0,Furnished,21.0,20000.0,21.23
"2 BHK Flat for Rent in Chandapura, Bangalore",Chandapura,Bengaluru,900.0,2,2,0,Furnished,23.0,21000.0,23.33
"2 BHK Flat for Rent in Chandapura, Bangalore",Chandapura,Bengaluru,1034.0,2,2,2,Furnished,21.0,22000.0,21.28
"2 BHK Flat for Rent in Chandapura, Bangalore",Chandapura,Bengaluru,977.0,2,2,0,Unfurnished,26.0,25000.0,25.59
"3 BHK Flat for Rent in Chandapura, Bangalore",Chandapura,Bengaluru,1162.0,3,2,0,Semi-Furnished,30.0,35000.0,30.12
"3 BHK Flat for Rent in Channasandra, Bangalore",Channasandra,Bengaluru,1704.0,3,3,0,Semi-Furnished,47.0,80000.0,46.95
4 BHK Villa for Rent in Channasandra Bangalore,Channasandra,Bengaluru,3000.0,4,4,2,Semi-Furnished,22.0,65000.0,21.67
"1 BHK Flat for Rent in Channasandra Main Road, Bangalore",Channasandra Main Road,Bengaluru,430.0,1,1,0,Semi-Furnished,23.0,10000.0,23.26
"2 BHK House for Rent in Chennammana Kere, Banashankari Stage 3 Bangalore",Chennammana Kere,Bengaluru,2400.0,2,2,0,Semi-Furnished,10.0,25000.0,10.42
2 BHK House for Rent in Chikkabanavara Bangalore,Chikkabanavara,Bengaluru,400.0,2,1,0,Unfurnished,19.0,7500.0,18.75
"2 BHK Flat for Rent in Chikkabanavara, Bangalore",Chikkabanavara,Bengaluru,1169.0,2,2,0,Unfurnished,17.0,20000.0,17.11
"2 BHK Flat for Rent in Chikkabanavara, Bangalore",Chikkabanavara,Bengaluru,970.0,2,2,0,Unfurnished,26.0,25000.0,25.77
4 BHK House for Rent in Chikkabellandur Bangalore,Chikkabellandur,Bengaluru,2400.0,4,4,2,Semi-Furnished,21.0,50000.0,20.83
2 BHK House for Rent in Chikkabidarakallu Bangalore,Chikkabidarakallu,Bengaluru,740.0,2,2,0,Unfurnished,11.0,8000.0,10.81
4 BHK Villa for Rent in Chikkagubbi Village Bangalore,Chikkagubbi Village,Bengaluru,3695.0,4,4,3,Semi-Furnished,51.0,190000.0,51.42
"1 BHK Flat for Rent in Chikkajala, Bangalore-Hyderabad Hwy, Bangalore",Chikkajala,Bengaluru,600.0,1,1,0,Semi-Furnished,25.0,15000.0,25.0
"2 BHK Flat for Rent in Chikkakannalli, Bangalore",Chikkakannalli,Bengaluru,1100.0,2,2,0,Furnished,55.0,60000.0,54.55
"2 BHK Flat for Rent in Chikkalasandra, Bangalore",Chikkalasandra,Bengaluru,1090.0,2,2,2,Unfurnished,20.0,22000.0,20.18
"2 BHK Flat for Rent in Chikkanna Layout, Bangalore",Chikkanna Layout,Bengaluru,1359.0,2,2,2,Semi-Furnished,35.0,47000.0,34.58
"2 BHK House for Rent in Chikku Lakshmaiah Layout, Adugodi Bangalore",Chikku Lakshmaiah Layout,Bengaluru,700.0,2,2,0,Semi-Furnished,29.0,20000.0,28.57
1 BHK House for Rent in Chinnapanna Halli Bangalore,Chinnapanna Halli,Bengaluru,250.0,1,1,0,Semi-Furnished,44.0,11000.0,44.0
"1 BHK Flat for Rent in Chinnapanna Halli, Bangalore",Chinnapanna Halli,Bengaluru,500.0,1,1,0,Semi-Furnished,32.0,16000.0,32.0
"3 BHK Flat for Rent in Chokkanahalli, Thanisandra Main Road, Bangalore",Chokkanahalli,Bengaluru,1470.0,3,3,2,Semi-Furnished,14.0,20000.0,13.61
"1 BHK Flat for Rent in Choodasandra, Bangalore",Choodasandra,Bengaluru,400.0,1,1,0,Unfurnished,25.0,10000.0,25.0
2 BHK House for Rent in Choodasandra Bangalore,Choodasandra,Bengaluru,950.0,2,2,0,Semi-Furnished,17.0,16000.0,16.84
"2 BHK Flat for Rent in Choodasandra, Bangalore",Choodasandra,Bengaluru,1200.0,2,2,2,Semi-Furnished,29.0,35000.0,29.17
"2 BHK Flat for Rent in Choodasandra, Bangalore",Choodasandra,Bengaluru,1080.0,2,2,0,Semi-Furnished,35.0,38000.0,35.19
"2 BHK Flat for Rent in Chowdeshwari Layout Marathahalli Village, Bangalore",Chowdeshwari Layout Marathahalli Village,Bengaluru,1010.0,2,2,0,Semi-Furnished,27.0,26895.0,26.63
5 BHK House for Rent in Chunchanaguppe Bangalore,Chunchanakuppe,Bengaluru,3190.0,5,5,3,Unfurnished,11.0,35000.0,10.97
"3 BHK Flat for Rent in Cleveland Town, Frazer Town, Bangalore",Cleveland Town,Bengaluru,2865.0,3,3,3,Semi-Furnished,44.0,130000.0,45.38
"3 BHK Flat for Rent in Cleveland Town, Frazer Town, Bangalore",Cleveland Town,Bengaluru,2750.0,3,4,3,Semi-Furnished,45.0,130000.0,47.27
2 BHK House for Rent in Coffee Board Layout Bangalore,Coffee Board Layout,Bengaluru,1100.0,2,2,2,Semi-Furnished,13.0,14000.0,12.73
"2 BHK Flat for Rent in Cooke Town, Cooke Town, Bangalore",Cooke Town,Bengaluru,1000.0,2,2,0,Semi-Furnished,43.0,42500.0,42.5
"3 BHK Flat for Rent in Cooke Town, Cooke Town, Bangalore",Cooke Town,Bengaluru,1750.0,3,3,0,Semi-Furnished,36.0,63000.0,36.0
"2 BHK Flat for Rent in Cox Town, Bangalore",Cox Town,Bengaluru,1035.0,2,2,0,Semi-Furnished,41.0,42000.0,40.58
"3 BHK Flat for Rent in Cox Town, Bangalore",Cox Town,Bengaluru,1500.0,3,2,2,Furnished,31.0,47000.0,31.33
"3 BHK Flat for Rent in Cox Town, Bangalore",Cox Town,Bengaluru,1800.0,3,3,3,Furnished,42.0,75000.0,41.67
"3 BHK Flat for Rent in CQAL Layout, Bangalore",Cqal Layout,Bengaluru,1246.0,3,3,3,Semi-Furnished,32.0,40000.0,32.1
"3 BHK Flat for Rent in Cunningham Road, Bangalore",Cunningham Road,Bengaluru,3025.0,3,4,2,Unfurnished,73.0,220000.0,72.73
2 BHK House for Rent in D Group Layout Bangalore,D Group Layout,Bengaluru,1100.0,2,2,0,Unfurnished,23.0,25000.0,22.73
4 BHK House for Rent in D Group Layout Bangalore,D Group Layout,Bengaluru,3500.0,4,4,5,Semi-Furnished,17.0,60000.0,17.14
"2 BHK Flat for Rent in Dasarahalli, Bangalore",Dasarahalli,Bengaluru,900.0,2,2,0,Semi-Furnished,38.0,34000.0,37.78
4 BHK House for Rent in Dasarahalli Bangalore,Dasarahalli,Bengaluru,2000.0,4,3,0,Semi-Furnished,38.0,75000.0,37.5
2 BHK House for Rent in Dasarahalli Main Road Bangalore,Dasarahalli Main Road,Bengaluru,800.0,2,2,0,Semi-Furnished,19.0,15500.0,19.38
"3 BHK Flat for Rent in Dasarahalli Main Road, Bangalore",Dasarahalli Main Road,Bengaluru,1400.0,3,2,3,Semi-Furnished,21.0,30000.0,21.43
"3 BHK Flat for Rent in Dasarahalli Main Road, Bangalore",Dasarahalli Main Road,Bengaluru,1094.0,3,3,3,Semi-Furnished,42.0,46000.0,42.05
1 BHK House for Rent in Deepanjali Nagar Bangalore,Deepanjali Nagar,Bengaluru,500.0,1,1,0,Unfurnished,16.0,8000.0,16.0
"3 BHK Flat for Rent in Defence Enclave, Bangalore",Defence Enclave,Bengaluru,1560.0,3,3,2,Semi-Furnished,28.0,43000.0,27.56
"3 BHK Flat for Rent in Defence Enclave, Bangalore",Defence Enclave,Bengaluru,1600.0,3,4,0,Semi-Furnished,27.0,43000.0,26.88
"2 BHK Flat for Rent in Devanahalli, Bangalore",Devanahalli,Bengaluru,950.0,2,2,0,Semi-Furnished,21.0,20000.0,21.05
"2 BHK Flat for Rent in Devanahalli, Bangalore",Devanahalli,Bengaluru,950.0,2,2,0,Unfurnished,24.0,23000.0,24.21
"2 BHK Flat for Rent in Devanahalli, Bangalore",Devanahalli,Bengaluru,952.0,2,2,0,Semi-Furnished,26.0,25000.0,26.26
"2 BHK Flat for Rent in Devanahalli, Bangalore",Devanahalli,Bengaluru,986.0,2,2,0,Semi-Furnished,25.0,25000.0,25.35
"2 BHK Flat for Rent in Devanahalli, Bangalore",Devanahalli,Bengaluru,1009.0,2,2,2,Unfurnished,26.0,26000.0,25.77
"2 BHK Flat for Rent in Devanahalli, Bangalore",Devanahalli,Bengaluru,600.0,2,2,0,Semi-Furnished,45.0,27000.0,45.0
"2 BHK Flat for Rent in Devanahalli, Bangalore",Devanahalli,Bengaluru,1080.0,2,2,0,Semi-Furnished,27.0,29000.0,26.85
"2 BHK Flat for Rent in Devanahalli, Bangalore",Devanahalli,Bengaluru,1360.0,2,2,0,Semi-Furnished,22.0,30000.0,22.06
"2 BHK Flat for Rent in Devanahalli, Bangalore",Devanahalli,Bengaluru,1000.0,2,2,0,Semi-Furnished,30.0,30000.0,30.0
"2 BHK Flat for Rent in Devanahalli, Bangalore",Devanahalli,Bengaluru,1360.0,2,2,0,Semi-Furnished,24.0,32000.0,23.53
"3 BHK Flat for Rent in Devanahalli, Bangalore",Devanahalli,Bengaluru,1150.0,3,2,0,Furnished,26.0,30000.0,26.09
"3 BHK Flat for Rent in Devanahalli, Bangalore",Devanahalli,Bengaluru,1275.0,3,2,0,Semi-Furnished,27.0,35000.0,27.45
"3 BHK Flat for Rent in Devanahalli, Bangalore",Devanahalli,Bengaluru,1500.0,3,2,0,Furnished,27.0,40000.0,26.67
4 BHK Villa for Rent in Devanahalli Bangalore,Devanahalli,Bengaluru,3100.0,4,6,4,Furnished,29.0,90000.0,29.03
4 BHK Villa for Rent in Devanahalli Bangalore,Devanahalli,Bengaluru,2800.0,4,4,0,Semi-Furnished,36.0,100000.0,35.71
4 BHK House for Rent in Devanahalli Bangalore,Devanahalli,Bengaluru,4500.0,4,5,2,Semi-Furnished,33.0,150000.0,33.33
5 BHK Villa for Rent in Devanahalli Bangalore,Devanahalli,Bengaluru,9950.0,5,3,3,Furnished,70.0,700000.0,70.35
2 BHK House for Rent in Devappa Layout Bangalore,Devappa Layout,Bengaluru,700.0,2,1,0,Semi-Furnished,21.0,15000.0,21.43
"1 BHK Flat for Rent in Devarabisanahalli, Bangalore",Devarabisanahalli,Bengaluru,729.0,1,1,0,Semi-Furnished,30.0,22000.0,30.18
"2 BHK Flat for Rent in Devarabisanahalli, Bangalore",Devarabisanahalli,Bengaluru,1200.0,2,2,0,Furnished,41.0,49000.0,40.83
1 BHK House for Rent in Devarachikkana Halli Bangalore,Devarachikkana Halli,Bengaluru,450.0,1,1,0,Semi-Furnished,15.0,6800.0,15.11
"3 BHK Flat for Rent in Devarachikkana Halli, Bangalore",Devarachikkana Halli,Bengaluru,1740.0,3,3,0,Semi-Furnished,23.0,40000.0,22.99
"3 BHK Flat for Rent in Devasthanagalu, Varthur, Bangalore",Devasthanagalu,Bengaluru,1656.0,3,3,2,Semi-Furnished,33.0,54000.0,32.61
"1 BHK House for Rent in Devinagar, Outer Ring Road Bangalore",Devinagar,Bengaluru,500.0,1,1,0,Unfurnished,20.0,10000.0,20.0
1 BHK House for Rent in Doddaballapur Main Road Bangalore,Doddaballapur Main Road,Bengaluru,550.0,1,1,0,Unfurnished,13.0,7000.0,12.73
2 BHK House for Rent in Doddaballapur Main Road Bangalore,Doddaballapur Main Road,Bengaluru,900.0,2,1,0,Semi-Furnished,12.0,10500.0,11.67
"2 BHK Flat for Rent in Doddaballapur Main Road, Bangalore",Doddaballapur Main Road,Bengaluru,1000.0,2,2,0,Unfurnished,14.0,14000.0,14.0
"2 BHK Flat for Rent in Doddaballapur Main Road, Bangalore",Doddaballapur Main Road,Bengaluru,1370.0,2,2,0,Semi-Furnished,29.0,40000.0,29.2
"3 BHK Flat for Rent in Doddaballapur Main Road, Bangalore",Doddaballapur Main Road,Bengaluru,1075.0,3,2,0,Semi-Furnished,14.0,15000.0,13.95
"3 BHK Flat for Rent in Doddaballapur Main Road, Bangalore",Doddaballapur Main Road,Bengaluru,1000.0,3,3,0,Semi-Furnished,16.0,16000.0,16.0
"3 BHK Flat for Rent in Doddaballapur Main Road, Bangalore",Doddaballapur Main Road,Bengaluru,783.0,3,2,0,Furnished,31.0,24000.0,30.65
"3 BHK Flat for Rent in Doddaballapur Main Road, Bangalore",Doddaballapur Main Road,Bengaluru,1075.0,3,2,0,Semi-Furnished,24.0,26000.0,24.19
"3 BHK Flat for Rent in Doddaballapur Main Road, Bangalore",Doddaballapur Main Road,Bengaluru,1250.0,3,3,0,Semi-Furnished,34.0,42000.0,33.6
"3 BHK Flat for Rent in Doddaballapur Main Road, Bangalore",Doddaballapur Main Road,Bengaluru,1262.0,3,3,0,Furnished,40.0,50000.0,39.62
"3 BHK Flat for Rent in Doddakallasandra, Konanakunte, Bangalore",Doddakallasandra,Bengaluru,1280.0,3,3,0,Semi-Furnished,34.0,43800.0,34.22
"3 BHK Flat for Rent in Doddakallasandra, Konanakunte, Bangalore",Doddakallasandra,Bengaluru,1480.0,3,3,0,Semi-Furnished,33.0,49000.0,33.11
"3 BHK Flat for Rent in Doddakallasandra, Konanakunte, Bangalore",Doddakallasandra,Bengaluru,1750.0,3,3,2,Semi-Furnished,31.0,55000.0,31.43
2 BHK House for Rent in Doddakannelli Bangalore,Doddakannelli,Bengaluru,600.0,2,2,0,Semi-Furnished,47.0,28000.0,46.67
"2 BHK Flat for Rent in Doddakannelli, Bangalore",Doddakannelli,Bengaluru,1100.0,2,2,0,Semi-Furnished,32.0,35000.0,31.82
2 BHK House for Rent in Doddakannelli Bangalore,Doddakannelli,Bengaluru,1250.0,2,2,0,Semi-Furnished,30.0,38000.0,30.4
"3 BHK Flat for Rent in Doddakannelli, Bangalore",Doddakannelli,Bengaluru,1500.0,3,3,2,Unfurnished,30.0,45000.0,30.0
"3 BHK Flat for Rent in Doddakannelli, Bangalore",Doddakannelli,Bengaluru,1400.0,3,2,2,Semi-Furnished,39.0,55000.0,39.29
4 BHK House for Rent in Doddakannelli Bangalore,Doddakannelli,Bengaluru,2200.0,4,4,0,Furnished,36.0,80000.0,36.36
4 BHK Villa for Rent in Doddakannelli Bangalore,Doddakannelli,Bengaluru,2620.0,4,4,3,Semi-Furnished,46.0,120000.0,45.8
1 BHK House for Rent in Doddanagamangala Village Bangalore,Doddanagamangala,Bengaluru,800.0,1,1,0,Semi-Furnished,11.0,9000.0,11.25
"2 BHK Flat for Rent in Doddanagamangala Village, Bangalore",Doddanagamangala,Bengaluru,700.0,2,1,0,Semi-Furnished,21.0,15000.0,21.43
"1 BHK Flat for Rent in Doddanekundi, Kartik Nagar, Bangalore",Doddanekundi,Bengaluru,430.0,1,1,0,Semi-Furnished,33.0,14000.0,32.56
"2 BHK Flat for Rent in Doddanekundi, Kartik Nagar, Bangalore",Doddanekundi,Bengaluru,1210.0,2,2,0,Semi-Furnished,24.0,29000.0,23.97
"3 BHK House for Rent in Doddanekundi, Kartik Nagar Bangalore",Doddanekundi,Bengaluru,900.0,3,2,0,Semi-Furnished,31.0,28000.0,31.11
"3 BHK Flat for Rent in Doddanekundi, Kartik Nagar, Bangalore",Doddanekundi,Bengaluru,1600.0,3,2,2,Semi-Furnished,47.0,75000.0,46.88
"3 BHK Flat for Rent in Doddanekundi Main Road, Bangalore",Doddanekundi Main Road,Bengaluru,2300.0,3,3,2,Semi-Furnished,43.0,100000.0,43.48
"2 BHK Flat for Rent in Doddathoguru, Electronic City, Bangalore",Doddathoguru,Bengaluru,912.0,2,2,0,Semi-Furnished,22.0,20000.0,21.93
"3 BHK Flat for Rent in Dollar Scheme, Bangalore",Dollar Scheme,Bengaluru,1750.0,3,3,2,Furnished,25.0,43000.0,24.57
"2 BHK Flat for Rent in Dollars Colony Stage 2nd RMV, Bangalore",Dollars Colony,Bengaluru,1576.0,2,2,2,Semi-Furnished,57.0,90000.0,57.11
"3 BHK Flat for Rent in Dollars Colony Stage 2nd RMV, Bangalore",Dollars Colony,Bengaluru,2400.0,3,3,0,Semi-Furnished,50.0,120000.0,50.0
"3 BHK Flat for Rent in Dollars Colony Stage 2nd RMV, Bangalore",Dollars Colony,Bengaluru,2650.0,3,2,2,Unfurnished,49.0,130000.0,49.06
"2 BHK House for Rent in Domlur, Domlur Bangalore",Domlur,Bengaluru,1200.0,2,2,0,Unfurnished,15.0,18000.0,15.0
"2 BHK Flat for Rent in Domlur, Domlur, Bangalore",Domlur,Bengaluru,1525.0,2,2,2,Semi-Furnished,34.0,52000.0,34.1
"3 BHK Flat for Rent in Domlur, Domlur, Bangalore",Domlur,Bengaluru,1800.0,3,3,2,Furnished,36.0,65000.0,36.11
"3 BHK Flat for Rent in Domlur, Domlur, Bangalore",Domlur,Bengaluru,1750.0,3,4,3,Semi-Furnished,57.0,100000.0,57.14
"2 BHK Flat for Rent in Doopanahalli, Indira nagar, Bangalore",Doopanahalli,Bengaluru,1150.0,2,2,2,Semi-Furnished,37.0,43000.0,37.39
"2 BHK House for Rent in Dooravani Nagar, Dooravani Nagar Bangalore",Dooravani Nagar,Bengaluru,1000.0,2,2,0,Unfurnished,10.0,10000.0,10.0
"2 BHK House for Rent in Dooravani Nagar, Dooravani Nagar Bangalore",Dooravani Nagar,Bengaluru,900.0,2,2,0,Unfurnished,17.0,15000.0,16.67
"2 BHK Flat for Rent in Ecc Road, Whitefield, Bangalore",Ecc Road,Bengaluru,1170.0,2,2,2,Semi-Furnished,25.0,29000.0,24.79
"2 BHK Flat for Rent in Ecc Road, Whitefield, Bangalore",Ecc Road,Bengaluru,1047.0,2,2,0,Semi-Furnished,43.0,45000.0,42.98
"3 BHK Flat for Rent in Ecc Road, Whitefield, Bangalore",Ecc Road,Bengaluru,1250.0,3,3,2,Semi-Furnished,40.0,50000.0,40.0
"4 BHK Villa for Rent in Ecc Road, Whitefield Bangalore",Ecc Road,Bengaluru,2500.0,4,5,2,Semi-Furnished,46.0,120000.0,48.0
"4 BHK Villa for Rent in Ecc Road, Whitefield Bangalore",Ecc Road,Bengaluru,3606.0,4,4,2,Semi-Furnished,35.0,130000.0,36.05
"4 BHK Villa for Rent in Ecc Road, Whitefield Bangalore",Ecc Road,Bengaluru,4000.0,4,5,3,Semi-Furnished,50.0,200000.0,50.0
"2 BHK Flat for Rent in Ejipura, Bangalore",Ejipura,Bengaluru,650.0,2,1,0,Semi-Furnished,16.0,10500.0,16.15
2 BHK House for Rent in Ejipura Bangalore,Ejipura,Bengaluru,1000.0,2,2,0,Semi-Furnished,22.0,22000.0,22.0
2 BHK House for Rent in Ejipura Bangalore,Ejipura,Bengaluru,950.0,2,2,0,Unfurnished,29.0,28000.0,29.47
"2 BHK Flat for Rent in Ejipura, Bangalore",Ejipura,Bengaluru,1100.0,2,2,0,Furnished,29.0,32000.0,29.09
1 BHK House for Rent in Electronic City Bangalore,Electronic City,Bengaluru,450.0,1,1,0,Unfurnished,11.0,5000.0,11.11
"1 BHK Flat for Rent in Electronic City, Bangalore",Electronic City,Bengaluru,550.0,1,1,0,Semi-Furnished,16.0,9000.0,16.36
"1 BHK Flat for Rent in Electronic City, Bangalore",Electronic City,Bengaluru,605.0,1,1,2,Semi-Furnished,21.0,13000.0,21.49
"1 BHK Flat for Rent in Electronic City, Bangalore",Electronic City,Bengaluru,550.0,1,1,0,Semi-Furnished,24.0,13000.0,23.64
"2 BHK Flat for Rent in Electronic City, Bangalore",Electronic City,Bengaluru,755.0,2,2,0,Semi-Furnished,13.0,10000.0,13.25
2 BHK House for Rent in Electronic City Bangalore,Electronic City,Bengaluru,700.0,2,2,0,Furnished,17.0,12000.0,17.14
2 BHK House for Rent in Electronic City Bangalore,Electronic City,Bengaluru,1000.0,2,2,0,Semi-Furnished,14.0,14000.0,14.0
"2 BHK Flat for Rent in Electronic City, Bangalore",Electronic City,Bengaluru,1650.0,2,2,0,Furnished,9.0,15000.0,9.09
"2 BHK Flat for Rent in Electronic City, Bangalore",Electronic City,Bengaluru,910.0,2,2,0,Semi-Furnished,18.0,16000.0,17.58
"2 BHK Flat for Rent in Electronic City, Bangalore",Electronic City,Bengaluru,780.0,2,2,0,Semi-Furnished,38.0,30000.0,38.46
"2 BHK Flat for Rent in Electronic City, Bangalore",Electronic City,Bengaluru,910.0,2,2,0,Semi-Furnished,33.0,30000.0,32.97
"2 BHK Flat for Rent in Electronic City, Bangalore",Electronic City,Bengaluru,858.0,2,2,0,Semi-Furnished,38.0,33000.0,38.46
"2 BHK Flat for Rent in Electronic City, Bangalore",Electronic City,Bengaluru,1100.0,2,2,0,Semi-Furnished,38.0,42000.0,38.18
"3 BHK Flat for Rent in Electronic City, Bangalore",Electronic City,Bengaluru,1250.0,3,2,0,Unfurnished,14.0,18000.0,14.4
3 BHK House for Rent in Electronic City Bangalore,Electronic City,Bengaluru,2000.0,3,3,3,Semi-Furnished,13.0,25000.0,12.5
"3 BHK Flat for Rent in Electronic City, Bangalore",Electronic City,Bengaluru,1518.0,3,3,2,Furnished,26.0,40000.0,26.35
"3 BHK Flat for Rent in Electronic City, Bangalore",Electronic City,Bengaluru,1550.0,3,3,2,Semi-Furnished,27.0,42000.0,27.1
"3 BHK Flat for Rent in Electronic City, Bangalore",Electronic City,Bengaluru,1470.0,3,3,0,Furnished,29.0,42000.0,28.57
"3 BHK Flat for Rent in Electronic City, Bangalore",Electronic City,Bengaluru,1050.0,3,2,0,Semi-Furnished,40.0,42000.0,40.0
"3 BHK Flat for Rent in Electronic City, Bangalore",Electronic City,Bengaluru,1250.0,3,3,2,Semi-Furnished,46.0,58000.0,46.4
3 BHK Villa for Rent in Electronic City Bangalore,Electronic City,Bengaluru,3200.0,3,4,0,Furnished,25.0,80000.0,25.0
3 BHK Villa for Rent in Electronic City Bangalore,Electronic City,Bengaluru,1200.0,3,3,0,Semi-Furnished,83.0,100000.0,83.33
4 BHK Villa for Rent in Electronic City Bangalore,Electronic City,Bengaluru,2900.0,4,4,3,Semi-Furnished,12.0,35000.0,12.07
4 BHK Villa for Rent in Electronic City Bangalore,Electronic City,Bengaluru,4000.0,4,6,3,Semi-Furnished,22.0,90000.0,22.5
4 BHK Villa for Rent in Electronic City Bangalore,Electronic City,Bengaluru,3450.0,4,4,3,Semi-Furnished,29.0,100000.0,28.99
1 BHK House for Rent in Phase 2 Electronic City Bangalore,Electronic City Phase 2,Bengaluru,400.0,1,1,0,Furnished,54.0,21500.0,53.75
"1 BHK Flat for Rent in Phase 2 Electronic City, Bangalore",Electronic City Phase 2,Bengaluru,615.0,1,1,0,Semi-Furnished,46.0,28000.0,45.53
2 BHK House for Rent in Phase 2 Electronic City Bangalore,Electronic City Phase 2,Bengaluru,600.0,2,2,0,Semi-Furnished,14.0,8500.0,14.17
2 BHK Villa for Rent in Phase 2 Electronic City Bangalore,Electronic City Phase 2,Bengaluru,600.0,2,1,0,Semi-Furnished,25.0,15000.0,25.0
"2 BHK Flat for Rent in Phase 2 Electronic City, Bangalore",Electronic City Phase 2,Bengaluru,918.0,2,2,0,Semi-Furnished,20.0,18000.0,19.61
"3 BHK Flat for Rent in Phase 2 Electronic City, Bangalore",Electronic City Phase 2,Bengaluru,1550.0,3,3,0,Semi-Furnished,21.0,32000.0,20.65
"3 BHK Flat for Rent in Phase 2 Electronic City, Bangalore",Electronic City Phase 2,Bengaluru,1650.0,3,3,2,Furnished,33.0,55000.0,33.33
"3 BHK Flat for Rent in Phase 2 Electronic City, Bangalore",Electronic City Phase 2,Bengaluru,1550.0,3,3,0,Furnished,39.0,60000.0,38.71
4 BHK Villa for Rent in Phase 2 Electronic City Bangalore,Electronic City Phase 2,Bengaluru,1800.0,4,3,0,Semi-Furnished,19.0,35000.0,19.44
"1 BHK Flat for Rent in Phase 1 Electronics City, Bangalore",Electronics City Phase 1,Bengaluru,500.0,1,1,0,Semi-Furnished,22.0,11000.0,22.0
1 BHK House for Rent in Phase 1 Electronics City Bangalore,Electronics City Phase 1,Bengaluru,450.0,1,1,0,Semi-Furnished,36.0,16000.0,35.56
"2 BHK Flat for Rent in Phase 1 Electronics City, Bangalore",Electronics City Phase 1,Bengaluru,1002.0,2,2,2,Unfurnished,26.0,26000.0,25.95
"2 BHK Flat for Rent in Phase 1 Electronics City, Bangalore",Electronics City Phase 1,Bengaluru,1000.0,2,2,2,Unfurnished,27.0,27000.0,27.0
"2 BHK Flat for Rent in Phase 1 Electronics City, Bangalore",Electronics City Phase 1,Bengaluru,800.0,2,2,0,Semi-Furnished,40.0,32000.0,40.0
2 BHK House for Rent in Phase 1 Electronics City Bangalore,Electronics City Phase 1,Bengaluru,936.0,2,2,2,Furnished,34.0,32000.0,34.19
"2 BHK Flat for Rent in Phase 1 Electronics City, Bangalore",Electronics City Phase 1,Bengaluru,1345.0,2,2,2,Semi-Furnished,37.0,50000.0,37.17
"3 BHK Flat for Rent in Phase 1 Electronics City, Bangalore",Electronics City Phase 1,Bengaluru,1050.0,3,3,0,Semi-Furnished,36.0,38000.0,36.19
"3 BHK Flat for Rent in Phase 1 Electronics City, Bangalore",Electronics City Phase 1,Bengaluru,1600.0,3,2,0,Furnished,25.0,40000.0,25.0
"3 BHK Flat for Rent in Phase 1 Electronics City, Bangalore",Electronics City Phase 1,Bengaluru,1750.0,3,3,0,Semi-Furnished,29.0,50000.0,28.57
"3 BHK Flat for Rent in Elus Road, Bangalore",Elus Road,Bengaluru,1485.0,3,3,2,Semi-Furnished,39.0,58000.0,39.06
"2 BHK Flat for Rent in Epip Zone, Whitefield, Bangalore",Epip Zone,Bengaluru,950.0,2,2,0,Furnished,34.0,32000.0,33.68
"4 BHK Villa for Rent in Epip Zone, Whitefield Bangalore",Epip Zone,Bengaluru,3850.0,4,5,2,Unfurnished,78.0,300000.0,77.92
4 BHK House for Rent in Ex Servicemen Colony RT Nagar Bangalore,Ex Service Men Colony,Bengaluru,3700.0,4,4,4,Unfurnished,11.0,39000.0,10.54
"3 BHK Flat for Rent in F Block Sahakar Nagar, Bangalore",F Block Sahakar Nagar,Bengaluru,1580.0,3,3,3,Semi-Furnished,27.0,43000.0,27.22
3 BHK House for Rent in Pulikeshi Nagar Bangalore,Frazer Town,Bengaluru,1700.0,3,2,0,Semi-Furnished,21.0,36000.0,21.18
"3 BHK Flat for Rent in Pulikeshi Nagar, Bangalore",Frazer Town,Bengaluru,1700.0,3,3,2,Semi-Furnished,24.0,40000.0,23.53
"3 BHK Flat for Rent in Pulikeshi Nagar, Bangalore",Frazer Town,Bengaluru,2920.0,3,3,3,Semi-Furnished,43.0,130000.0,44.52
4 BHK House for Rent in Pulikeshi Nagar Bangalore,Frazer Town,Bengaluru,1800.0,4,4,3,Semi-Furnished,20.0,36000.0,20.0
"4 BHK Flat for Rent in Pulikeshi Nagar, Bangalore",Frazer Town,Bengaluru,2350.0,4,3,0,Furnished,38.0,90000.0,38.3
"3 BHK Flat for Rent in G Block Sahakar Nagar, Bangalore",G Block Sahakar Nagar,Bengaluru,1180.0,3,3,2,Furnished,64.0,75000.0,63.56
"3 BHK Flat for Rent in Gandhi Bazaar, Bangalore",Gandhi Bazar,Bengaluru,1800.0,3,3,2,Unfurnished,35.0,63000.0,35.0
3 BHK House for Rent in Ganganagar Bangalore,Ganganagar,Bengaluru,1000.0,3,3,0,Semi-Furnished,15.0,15000.0,15.0
"2 BHK House for Rent in Gattahalli, Electronic City Bangalore",Gattahalli,Bengaluru,900.0,2,2,0,Semi-Furnished,24.0,21500.0,23.89
"3 BHK Flat for Rent in Gattahalli, Electronic City, Bangalore",Gattahalli,Bengaluru,1235.0,3,2,0,Furnished,26.0,32000.0,25.91
"2 BHK Flat for Rent in Gm Palya, CV Raman Nagar, Bangalore",Gm Palya,Bengaluru,1000.0,2,1,0,Unfurnished,25.0,25000.0,25.0
2 BHK House for Rent in Gollarahatti Bangalore,Gollarahatti,Bengaluru,1200.0,2,1,0,Unfurnished,6.0,7500.0,6.25
3 BHK House for Rent in Gopasandra Sarjapura Road Bangalore,Gopasandra Sarjapura Road,Bengaluru,7500.0,3,3,0,Furnished,80.0,600000.0,80.0
2 BHK House for Rent in Gottigere Bangalore,Gottigere,Bengaluru,700.0,2,1,0,Semi-Furnished,11.0,7500.0,10.71
"2 BHK Flat for Rent in Gottigere, Bangalore",Gottigere,Bengaluru,1030.0,2,2,2,Semi-Furnished,13.0,13500.0,13.11
"2 BHK Flat for Rent in Gottigere, Bangalore",Gottigere,Bengaluru,1073.0,2,2,3,Semi-Furnished,14.0,15000.0,13.98
"2 BHK Flat for Rent in Gottigere, Bangalore",Gottigere,Bengaluru,1100.0,2,2,0,Semi-Furnished,15.0,16000.0,14.55
"2 BHK Flat for Rent in Gottigere, Bangalore",Gottigere,Bengaluru,1178.0,2,2,4,Unfurnished,15.0,18000.0,15.28
"2 BHK Flat for Rent in Gottigere, Bangalore",Gottigere,Bengaluru,1200.0,2,2,2,Semi-Furnished,23.0,28000.0,23.33
"2 BHK Flat for Rent in Gottigere, Bangalore",Gottigere,Bengaluru,1000.0,2,1,2,Furnished,45.0,45000.0,45.0
"3 BHK Flat for Rent in Gottigere, Bangalore",Gottigere,Bengaluru,1207.0,3,2,0,Unfurnished,11.0,13000.0,10.77
"3 BHK Flat for Rent in Gottigere, Bangalore",Gottigere,Bengaluru,1348.0,3,2,2,Unfurnished,38.0,51000.0,37.83
"2 BHK Flat for Rent in Govindpura, Dooravani Nagar, Bangalore",Govindpura,Bengaluru,450.0,2,1,0,Unfurnished,22.0,10000.0,22.22
2 BHK House for Rent in Green Woods Layout Bangalore,Green Woods Layout,Bengaluru,1020.0,2,2,0,Semi-Furnished,15.0,15000.0,14.71
"2 BHK Flat for Rent in Gruha Lakshmi Layout, Kamala Nagar, Bangalore",Gruha Lakshmi Layout,Bengaluru,960.0,2,2,2,Furnished,18.0,17000.0,17.71
"3 BHK Flat for Rent in Gubbalala, Subramanyapura, Bangalore",Gubbalala,Bengaluru,1390.0,3,3,2,Semi-Furnished,29.0,40000.0,28.78
"2 BHK Flat for Rent in Gummanahalli, Bangalore",Gummanahalli,Bengaluru,971.0,2,2,0,Semi-Furnished,26.0,25000.0,25.75
"2 BHK Flat for Rent in Gummanahalli, Bangalore",Gummanahalli,Bengaluru,977.0,2,2,0,Semi-Furnished,27.0,26000.0,26.61
"2 BHK Flat for Rent in Gummanahalli, Bangalore",Gummanahalli,Bengaluru,800.0,2,2,2,Semi-Furnished,40.0,32000.0,40.0
"3 BHK Flat for Rent in Gummanahalli, Bangalore",Gummanahalli,Bengaluru,1055.0,3,3,2,Unfurnished,35.0,37000.0,35.07
1 BHK House for Rent in Gunjur Bangalore,Gunjur,Bengaluru,500.0,1,1,0,Unfurnished,22.0,11000.0,22.0
"2 BHK Flat for Rent in Gunjur, Bangalore",Gunjur,Bengaluru,1255.0,2,2,0,Semi-Furnished,30.0,38000.0,30.28
"3 BHK Flat for Rent in Gunjur, Bangalore",Gunjur,Bengaluru,1375.0,3,2,0,Semi-Furnished,33.0,45000.0,32.73
"3 BHK Flat for Rent in Gunjur, Bangalore",Gunjur,Bengaluru,1400.0,3,3,2,Unfurnished,44.0,62000.0,44.29
4 BHK Villa for Rent in Gunjur Bangalore,Gunjur,Bengaluru,4000.0,4,5,0,Semi-Furnished,62.0,250000.0,62.5
5 BHK Villa for Rent in Gunjur Bangalore,Gunjur,Bengaluru,7830.0,5,7,5,Semi-Furnished,36.0,280000.0,35.76
"2 BHK Flat for Rent in Gunjur Balagere Road, Bangalore",Gunjur Balagere Road,Bengaluru,1100.0,2,2,0,Semi-Furnished,32.0,35000.0,31.82
3 BHK House for Rent in Gunjur Balagere Road Bangalore,Gunjur Balagere Road,Bengaluru,1400.0,3,3,2,Semi-Furnished,29.0,40000.0,28.57
1 BHK House for Rent in Hsr Layout Bangalore,HSR Layout,Bengaluru,700.0,1,1,0,Semi-Furnished,21.0,15000.0,21.43
"1 BHK Flat for Rent in Hsr Layout, Bangalore",HSR Layout,Bengaluru,480.0,1,1,0,Furnished,52.0,25000.0,52.08
"1 BHK Flat for Rent in Hsr Layout, Bangalore",HSR Layout,Bengaluru,550.0,1,1,0,Semi-Furnished,47.0,26000.0,47.27
"2 BHK Flat for Rent in Hsr Layout, Bangalore",HSR Layout,Bengaluru,1100.0,2,2,2,Semi-Furnished,39.0,42500.0,38.64
2 BHK House for Rent in Hsr Layout Bangalore,HSR Layout,Bengaluru,1500.0,2,1,0,Semi-Furnished,29.0,43000.0,28.67
"3 BHK Flat for Rent in Hsr Layout, Bangalore",HSR Layout,Bengaluru,1350.0,3,2,2,Unfurnished,33.0,45000.0,33.33
"3 BHK Flat for Rent in Hsr Layout, Bangalore",HSR Layout,Bengaluru,1479.0,3,3,0,Semi-Furnished,34.0,50000.0,33.81
"3 BHK Flat for Rent in Hsr Layout, Bangalore",HSR Layout,Bengaluru,2400.0,3,3,0,Semi-Furnished,25.0,60000.0,25.0
"3 BHK Flat for Rent in Hsr Layout, Bangalore",HSR Layout,Bengaluru,1400.0,3,3,3,Semi-Furnished,45.0,63000.0,45.0
"3 BHK Flat for Rent in Hsr Layout, Bangalore",HSR Layout,Bengaluru,1700.0,3,3,2,Semi-Furnished,38.0,65000.0,38.24
"3 BHK Flat for Rent in Hsr Layout, Bangalore",HSR Layout,Bengaluru,2000.0,3,3,0,Furnished,40.0,80000.0,40.0
"3 BHK Flat for Rent in Hsr Layout, Bangalore",HSR Layout,Bengaluru,1800.0,3,2,3,Semi-Furnished,44.0,80000.0,44.44
4 BHK House for Rent in Hsr Layout Bangalore,HSR Layout,Bengaluru,2000.0,4,3,0,Semi-Furnished,38.0,75000.0,37.5
4 BHK Villa for Rent in Hsr Layout Bangalore,HSR Layout,Bengaluru,3600.0,4,5,3,Furnished,44.0,160000.0,44.44
6 BHK House for Rent in Hsr Layout Bangalore,HSR Layout,Bengaluru,2500.0,6,5,0,Furnished,12.0,30000.0,12.0
"3 BHK Flat for Rent in Hadosiddapura, Chikkakannalli, Bangalore",Hadosiddapura,Bengaluru,1780.0,3,3,2,Unfurnished,35.0,63000.0,35.39
"3 BHK Flat for Rent in Hadosiddapura, Chikkakannalli, Bangalore",Hadosiddapura,Bengaluru,1507.0,3,3,0,Semi-Furnished,42.0,64000.0,42.47
2 BHK House for Rent in Stage 3rd HAL Bangalore,Hal 3Rd Stage,Bengaluru,600.0,2,1,0,Semi-Furnished,33.0,20000.0,33.33
"2 BHK Flat for Rent in HAL Old Airport Road, Bangalore",Hal Old Airport Road,Bengaluru,1250.0,2,2,0,Furnished,42.0,52000.0,41.6
"2 BHK Flat for Rent in HAL Old Airport Road, Bangalore",Hal Old Airport Road,Bengaluru,1431.0,2,2,0,Unfurnished,70.0,100000.0,69.88
"4 BHK Flat for Rent in HAL Old Airport Road, Bangalore",Hal Old Airport Road,Bengaluru,3470.0,4,4,4,Semi-Furnished,58.0,200000.0,57.64
"3 BHK Flat for Rent in Halanayakanahalli, Bangalore",Halanayakanahalli,Bengaluru,2000.0,3,3,0,Unfurnished,35.0,70000.0,35.0
"1 BHK Flat for Rent in Halasuru, Bangalore",Halasuru,Bengaluru,450.0,1,1,0,Semi-Furnished,29.0,13000.0,28.89
1 BHK House for Rent in Halasuru Bangalore,Halasuru,Bengaluru,300.0,1,1,0,Semi-Furnished,67.0,20000.0,66.67
"1 BHK Flat for Rent in Halasuru, Bangalore",Halasuru,Bengaluru,1250.0,1,2,0,Furnished,80.0,100000.0,80.0
2 BHK House for Rent in Halasuru Bangalore,Halasuru,Bengaluru,600.0,2,2,0,Unfurnished,22.0,13000.0,21.67
"2 BHK Flat for Rent in Halasuru, Bangalore",Halasuru,Bengaluru,1000.0,2,2,0,Semi-Furnished,26.0,26000.0,26.0
"3 BHK Flat for Rent in Halasuru, Bangalore",Halasuru,Bengaluru,1455.0,3,3,2,Semi-Furnished,86.0,130000.0,89.35
"3 BHK Flat for Rent in Halasuru, Bangalore",Halasuru,Bengaluru,3400.0,3,4,3,Semi-Furnished,59.0,200000.0,58.82
"3 BHK Flat for Rent in Hanumanthappa Layout Sivanchetti Gardens, Bangalore",Hanumanthappa Layout Sivanchetti Gardens,Bengaluru,1950.0,3,3,3,Semi-Furnished,77.0,150000.0,76.92
"2 BHK Flat for Rent in Haralur, Bangalore",Haralur,Bengaluru,712.0,2,2,2,Furnished,70.0,50000.0,70.22
"3 BHK Flat for Rent in Haralur, Bangalore",Haralur,Bengaluru,1640.0,3,3,0,Semi-Furnished,40.0,65000.0,39.63
"3 BHK Flat for Rent in Haralur, Bangalore",Haralur,Bengaluru,1690.0,3,3,0,Semi-Furnished,38.0,65000.0,38.46
"3 BHK Flat for Rent in Haralur, Bangalore",Haralur,Bengaluru,1740.0,3,3,0,Semi-Furnished,37.0,65000.0,37.36
"4 BHK Flat for Rent in Haralur, Bangalore",Haralur,Bengaluru,2300.0,4,3,2,Furnished,35.0,80000.0,34.78
"2 BHK Flat for Rent in Haralur Main Road, Bangalore",Haralur Main Road,Bengaluru,1000.0,2,2,0,Unfurnished,30.0,30000.0,30.0
2 BHK House for Rent in Haralur Main Road Bangalore,Haralur Main Road,Bengaluru,1050.0,2,2,0,Semi-Furnished,30.0,32000.0,30.48
"2 BHK Flat for Rent in Haralur Main Road, Bangalore",Haralur Main Road,Bengaluru,1303.0,2,2,0,Furnished,46.0,60000.0,46.05
"3 BHK Flat for Rent in Haralur Main Road, Bangalore",Haralur Main Road,Bengaluru,1549.0,3,3,2,Semi-Furnished,43.0,67000.0,43.25
3 BHK House for Rent in Haralur Main Road Bangalore,Haralur Main Road,Bengaluru,2017.0,3,3,2,Semi-Furnished,35.0,70000.0,34.71
"3 BHK Flat for Rent in Haralur Main Road, Bangalore",Haralur Main Road,Bengaluru,1300.0,3,2,2,Semi-Furnished,58.0,76000.0,58.46
4 BHK Villa for Rent in Haralur Main Road Bangalore,Haralur Main Road,Bengaluru,3300.0,4,5,0,Furnished,33.0,110000.0,33.33
1 BHK House for Rent in Harlur Bangalore,Harlur,Bengaluru,700.0,1,1,0,Semi-Furnished,16.0,11000.0,15.71
"2 BHK Flat for Rent in Harlur, Bangalore",Harlur,Bengaluru,845.0,2,2,0,Semi-Furnished,53.0,45000.0,53.25
1 BHK House for Rent in Harsha Layout Kengeri Satellite Town Bangalore,Harsha Layout,Bengaluru,850.0,1,1,0,Semi-Furnished,11.0,9000.0,10.59
1 BHK House for Rent in Hbr Layout Bangalore,Hbr Layout,Bengaluru,300.0,1,1,0,Unfurnished,28.0,8500.0,28.33
1 BHK House for Rent in Hbr Layout Bangalore,Hbr Layout,Bengaluru,600.0,1,1,0,Semi-Furnished,20.0,12000.0,20.0
"2 BHK Flat for Rent in Hbr Layout, Bangalore",Hbr Layout,Bengaluru,900.0,2,2,0,Unfurnished,33.0,30000.0,33.33
"2 BHK Flat for Rent in Hbr Layout, Bangalore",Hbr Layout,Bengaluru,1100.0,2,2,0,Unfurnished,35.0,38000.0,34.55
"3 BHK Flat for Rent in Hbr Layout, Bangalore",Hbr Layout,Bengaluru,1250.0,3,2,0,Semi-Furnished,24.0,30000.0,24.0
"3 BHK Flat for Rent in Hbr Layout, Bangalore",Hbr Layout,Bengaluru,1600.0,3,2,0,Furnished,31.0,50000.0,31.25
"2 BHK Flat for Rent in Block 2nd HBR Layout, Bangalore",Hbr Layout Block 2,Bengaluru,1200.0,2,2,0,Semi-Furnished,17.0,20000.0,16.67
4 BHK Villa for Rent in Block 3rd HBR Layout Bangalore,Hbr Layout Block 3,Bengaluru,2500.0,4,5,2,Semi-Furnished,24.0,60000.0,24.0
1 BHK House for Rent in Hebbal Bangalore,Hebbal,Bengaluru,800.0,1,1,0,Semi-Furnished,12.0,10000.0,12.5
"2 BHK Flat for Rent in Hebbal, Bangalore",Hebbal,Bengaluru,1060.0,2,2,0,Semi-Furnished,26.0,28000.0,26.42
"2 BHK Flat for Rent in Hebbal, Bangalore",Hebbal,Bengaluru,1420.0,2,2,2,Semi-Furnished,25.0,35000.0,24.65
"2 BHK Flat for Rent in Hebbal, Bangalore",Hebbal,Bengaluru,1150.0,2,2,2,Semi-Furnished,52.0,60000.0,52.17
"3 BHK Flat for Rent in Hebbal, Bangalore",Hebbal,Bengaluru,1227.0,3,2,0,Furnished,36.0,44000.0,35.86
"3 BHK Flat for Rent in Hebbal, Bangalore",Hebbal,Bengaluru,1855.0,3,3,3,Semi-Furnished,25.0,47000.0,25.34
"3 BHK Flat for Rent in Hebbal, Bangalore",Hebbal,Bengaluru,1645.0,3,3,2,Semi-Furnished,33.0,55000.0,33.43
"3 BHK Flat for Rent in Hebbal, Bangalore",Hebbal,Bengaluru,1920.0,3,3,2,Semi-Furnished,29.0,55000.0,28.65
"3 BHK Flat for Rent in Hebbal, Bangalore",Hebbal,Bengaluru,1490.0,3,3,2,Semi-Furnished,39.0,58000.0,38.93
"3 BHK Flat for Rent in Hebbal, Bangalore",Hebbal,Bengaluru,1600.0,3,3,3,Semi-Furnished,40.0,64000.0,40.0
"3 BHK Flat for Rent in Hebbal, Bangalore",Hebbal,Bengaluru,2390.0,3,3,0,Semi-Furnished,27.0,65000.0,27.2
"3 BHK Flat for Rent in Hebbal, Bangalore",Hebbal,Bengaluru,1600.0,3,3,2,Unfurnished,43.0,69000.0,43.12
"3 BHK Flat for Rent in Hebbal, Bangalore",Hebbal,Bengaluru,1345.0,3,3,3,Semi-Furnished,52.0,70000.0,52.04
"3 BHK Flat for Rent in Hebbal, Bangalore",Hebbal,Bengaluru,2480.0,3,3,2,Furnished,28.0,70000.0,28.23
"3 BHK Flat for Rent in Hebbal, Bangalore",Hebbal,Bengaluru,1950.0,3,3,2,Semi-Furnished,36.0,70000.0,35.9
"3 BHK Flat for Rent in Hebbal, Bangalore",Hebbal,Bengaluru,1600.0,3,3,2,Semi-Furnished,44.0,70000.0,43.75
"3 BHK Flat for Rent in Hebbal, Bangalore",Hebbal,Bengaluru,1134.0,3,3,2,Semi-Furnished,62.0,70000.0,61.73
"3 BHK Flat for Rent in Hebbal, Bangalore",Hebbal,Bengaluru,2119.0,3,3,0,Semi-Furnished,35.0,75000.0,35.39
"3 BHK Flat for Rent in Hebbal, Bangalore",Hebbal,Bengaluru,1980.0,3,4,0,Semi-Furnished,38.0,75000.0,37.88
"3 BHK Flat for Rent in Hebbal, Bangalore",Hebbal,Bengaluru,1900.0,3,4,2,Unfurnished,42.0,80000.0,42.11
"3 BHK Flat for Rent in Hebbal, Bangalore",Hebbal,Bengaluru,1645.0,3,3,2,Furnished,58.0,95000.0,57.75
"3 BHK Flat for Rent in Hebbal, Bangalore",Hebbal,Bengaluru,3000.0,3,3,3,Furnished,48.0,150000.0,50.0
"3 BHK Flat for Rent in Hebbal, Bangalore",Hebbal,Bengaluru,2960.0,3,3,2,Semi-Furnished,54.0,160000.0,54.05
"3 BHK Flat for Rent in Hebbal, Bangalore",Hebbal,Bengaluru,3000.0,3,3,2,Furnished,57.0,170000.0,56.67
"3 BHK Flat for Rent in Hebbal, Bangalore",Hebbal,Bengaluru,2200.0,3,4,2,Semi-Furnished,86.0,190000.0,86.36
"3 BHK Flat for Rent in Hebbal, Bangalore",Hebbal,Bengaluru,3000.0,3,4,2,Unfurnished,73.0,220000.0,73.33
"3 BHK Flat for Rent in Hebbal, Bangalore",Hebbal,Bengaluru,2700.0,3,4,3,Semi-Furnished,93.0,250000.0,92.59
"3 BHK Flat for Rent in Hebbal, Bangalore",Hebbal,Bengaluru,3741.0,3,4,0,Unfurnished,79.0,300000.0,80.19
"4 BHK Flat for Rent in Hebbal, Bangalore",Hebbal,Bengaluru,2500.0,4,4,3,Semi-Furnished,40.0,100000.0,40.0
"4 BHK Flat for Rent in Hebbal, Bangalore",Hebbal,Bengaluru,2350.0,4,3,3,Unfurnished,66.0,160000.0,68.09
"4 BHK Flat for Rent in Hebbal, Bangalore",Hebbal,Bengaluru,2617.0,4,4,3,Furnished,62.0,160000.0,61.14
"4 BHK Flat for Rent in Hebbal, Bangalore",Hebbal,Bengaluru,3895.0,4,4,3,Semi-Furnished,56.0,220000.0,56.48
"4 BHK Flat for Rent in Hebbal, Bangalore",Hebbal,Bengaluru,3940.0,4,5,2,Furnished,63.0,250000.0,63.45
"4 BHK Flat for Rent in Hebbal, Bangalore",Hebbal,Bengaluru,4637.0,4,5,2,Semi-Furnished,65.0,300000.0,64.7
"4 BHK Flat for Rent in Hebbal, Bangalore",Hebbal,Bengaluru,4440.0,4,4,0,Semi-Furnished,68.0,300000.0,67.57
2 BHK House for Rent in Hebbal Kempapura Bangalore,Hebbal Kempapura,Bengaluru,1800.0,2,3,2,Semi-Furnished,14.0,26000.0,14.44
"2 BHK Flat for Rent in Hebbal Kempapura, Bangalore",Hebbal Kempapura,Bengaluru,1200.0,2,2,0,Semi-Furnished,23.0,28000.0,23.33
"2 BHK Flat for Rent in Hebbal Kempapura, Bangalore",Hebbal Kempapura,Bengaluru,1200.0,2,2,0,Semi-Furnished,24.0,29000.0,24.17
5 BHK House for Rent in Hebbal Kempapura Bangalore,Hebbal Kempapura,Bengaluru,2400.0,5,4,2,Semi-Furnished,19.0,45000.0,18.75
5 BHK House for Rent in Hebbal Kempapura Bangalore,Hebbal Kempapura,Bengaluru,4300.0,5,5,0,Furnished,35.0,150000.0,34.88
2 BHK House for Rent in RK Hegde Nagar Bangalore,Hegde Nagar,Bengaluru,750.0,2,2,2,Unfurnished,19.0,14500.0,19.33
"3 BHK Flat for Rent in RK Hegde Nagar, Bangalore",Hegde Nagar,Bengaluru,1600.0,3,3,0,Semi-Furnished,38.0,60000.0,37.5
1 BHK House for Rent in Hennur Gardens Bangalore,Hennur,Bengaluru,400.0,1,1,0,Semi-Furnished,30.0,12000.0,30.0
1 BHK House for Rent in Hennur Gardens Bangalore,Hennur,Bengaluru,800.0,1,1,0,Semi-Furnished,23.0,18000.0,22.5
2 BHK House for Rent in Hennur Gardens Bangalore,Hennur,Bengaluru,750.0,2,2,0,Unfurnished,21.0,16000.0,21.33
"2 BHK Flat for Rent in Hennur Gardens, Bangalore",Hennur,Bengaluru,1100.0,2,2,0,Furnished,25.0,28000.0,25.45
"2 BHK Flat for Rent in Hennur Gardens, Bangalore",Hennur,Bengaluru,800.0,2,2,0,Semi-Furnished,45.0,36000.0,45.0
"2 BHK Flat for Rent in Hennur Gardens, Bangalore",Hennur,Bengaluru,1575.0,2,2,3,Semi-Furnished,24.0,38000.0,24.13
"2 BHK Flat for Rent in Hennur Gardens, Bangalore",Hennur,Bengaluru,1232.0,2,2,0,Semi-Furnished,37.0,46000.0,37.34
3 BHK Villa for Rent in Hennur Gardens Bangalore,Hennur,Bengaluru,1800.0,3,4,3,Semi-Furnished,83.0,150000.0,83.33
4 BHK Villa for Rent in Hennur Gardens Bangalore,Hennur,Bengaluru,3600.0,4,4,3,Semi-Furnished,32.0,120000.0,33.33
4 BHK Villa for Rent in Hennur Gardens Bangalore,Hennur,Bengaluru,3000.0,4,5,2,Furnished,67.0,200000.0,66.67
4 BHK Villa for Rent in Hennur Gardens Bangalore,Hennur,Bengaluru,2450.0,4,4,0,Semi-Furnished,82.0,200000.0,81.63
5 BHK Villa for Rent in Hennur Gardens Bangalore,Hennur,Bengaluru,3500.0,5,5,3,Furnished,31.0,110000.0,31.43
"3 BHK Flat for Rent in Hennur Bagalur Main Road, Bangalore",Hennur Bagalur Main Road,Bengaluru,1200.0,3,3,2,Semi-Furnished,42.0,50000.0,41.67
1 BHK House for Rent in Hennur Bande Road Bangalore,Hennur Bande Road,Bengaluru,700.0,1,1,0,Semi-Furnished,19.0,13500.0,19.29
2 BHK House for Rent in Hennur Main Road Bangalore,Hennur Main Road,Bengaluru,850.0,2,2,2,Semi-Furnished,14.0,12000.0,14.12
"2 BHK Flat for Rent in Hennur Main Road, Bangalore",Hennur Main Road,Bengaluru,1000.0,2,2,2,Semi-Furnished,35.0,35000.0,35.0
2 BHK House for Rent in Hennur Main Road Bangalore,Hennur Main Road,Bengaluru,1011.0,2,2,0,Unfurnished,40.0,40000.0,39.56
"2 BHK Flat for Rent in Hennur Main Road, Bangalore",Hennur Main Road,Bengaluru,1359.0,2,2,2,Furnished,32.0,43000.0,31.64
"2 BHK Flat for Rent in Hennur Main Road, Bangalore",Hennur Main Road,Bengaluru,1359.0,2,2,2,Unfurnished,33.0,45000.0,33.11
"3 BHK Flat for Rent in Hennur Main Road, Bangalore",Hennur Main Road,Bengaluru,1904.0,3,3,2,Semi-Furnished,24.0,45000.0,23.63
"3 BHK Flat for Rent in Hennur Main Road, Bangalore",Hennur Main Road,Bengaluru,1320.0,3,3,0,Semi-Furnished,38.0,50000.0,37.88
"3 BHK Flat for Rent in Hennur Main Road, Bangalore",Hennur Main Road,Bengaluru,1740.0,3,3,0,Semi-Furnished,32.0,55000.0,31.61
"3 BHK Flat for Rent in Hennur Main Road, Bangalore",Hennur Main Road,Bengaluru,1600.0,3,3,3,Semi-Furnished,34.0,55000.0,34.38
"3 BHK Flat for Rent in Hennur Main Road, Bangalore",Hennur Main Road,Bengaluru,1740.0,3,3,0,Furnished,34.0,60000.0,34.48
4 BHK Villa for Rent in Hennur Main Road Bangalore,Hennur Main Road,Bengaluru,2900.0,4,4,3,Semi-Furnished,26.0,75000.0,25.86
4 BHK Villa for Rent in Hennur Main Road Bangalore,Hennur Main Road,Bengaluru,2957.0,4,4,2,Unfurnished,34.0,100000.0,33.82
4 BHK Villa for Rent in Hennur Main Road Bangalore,Hennur Main Road,Bengaluru,2900.0,4,5,3,Semi-Furnished,45.0,130000.0,44.83
5 BHK Villa for Rent in Hennur Main Road Bangalore,Hennur Main Road,Bengaluru,3000.0,5,5,3,Semi-Furnished,23.0,70000.0,23.33
2 BHK House for Rent in Hesarghatta Road Bangalore,Hesarghatta Road,Bengaluru,1000.0,2,1,0,Semi-Furnished,12.0,12000.0,12.0
2 BHK House for Rent in HMT Layout Vidyaranyapura Bangalore,Hmt Layout Vidyaranyapura,Bengaluru,900.0,2,1,0,Semi-Furnished,30.0,27000.0,30.0
"2 BHK Flat for Rent in Holiday Village Road, Bangalore",Holiday Village Road,Bengaluru,1150.0,2,2,2,Semi-Furnished,25.0,28900.0,25.13
1 BHK House for Rent in Hongasandra Bangalore,Hongasandra,Bengaluru,500.0,1,1,0,Unfurnished,11.0,5500.0,11.0
1 BHK House for Rent in Hongasandra Bangalore,Hongasandra,Bengaluru,550.0,1,1,0,Unfurnished,15.0,8000.0,14.55
1 BHK House for Rent in Hongasandra Bangalore,Hongasandra,Bengaluru,400.0,1,1,0,Semi-Furnished,25.0,10000.0,25.0
"2 BHK House for Rent in Hoodi, Hoodi Bangalore",Hoodi,Bengaluru,600.0,2,1,0,Unfurnished,25.0,15000.0,25.0
"2 BHK House for Rent in Hoodi, Hoodi Bangalore",Hoodi,Bengaluru,1200.0,2,2,0,Semi-Furnished,16.0,19000.0,15.83
"2 BHK Flat for Rent in Hoodi, Hoodi, Bangalore",Hoodi,Bengaluru,979.0,2,2,0,Furnished,36.0,35000.0,35.75
"3 BHK Flat for Rent in Hoodi, Hoodi, Bangalore",Hoodi,Bengaluru,1802.0,3,3,3,Semi-Furnished,25.0,45000.0,24.97
"3 BHK Flat for Rent in Hoodi, Hoodi, Bangalore",Hoodi,Bengaluru,1650.0,3,2,2,Unfurnished,30.0,50000.0,30.3
"4 BHK House for Rent in Hoodi, Hoodi Bangalore",Hoodi,Bengaluru,1500.0,4,3,4,Semi-Furnished,47.0,70000.0,46.67
1 BHK House for Rent in Horamavu Bangalore,Horamavu,Bengaluru,800.0,1,1,0,Unfurnished,19.0,15000.0,18.75
"1 BHK Flat for Rent in Horamavu, Bangalore",Horamavu,Bengaluru,992.0,1,1,0,Furnished,20.0,20000.0,20.16
2 BHK House for Rent in Horamavu Bangalore,Horamavu,Bengaluru,800.0,2,2,0,Semi-Furnished,13.0,10000.0,12.5
2 BHK House for Rent in Horamavu Bangalore,Horamavu,Bengaluru,1000.0,2,2,2,Semi-Furnished,15.0,15000.0,15.0
2 BHK House for Rent in Horamavu Bangalore,Horamavu,Bengaluru,1200.0,2,2,0,Semi-Furnished,18.0,21000.0,17.5
"2 BHK Flat for Rent in Horamavu, Bangalore",Horamavu,Bengaluru,950.0,2,2,2,Semi-Furnished,27.0,26000.0,27.37
3 BHK Villa for Rent in Horamavu Bangalore,Horamavu,Bengaluru,2400.0,3,3,3,Semi-Furnished,27.0,65000.0,27.08
3 BHK House for Rent in Horamavu Bangalore,Horamavu,Bengaluru,3544.0,3,5,0,Semi-Furnished,28.0,100000.0,28.22
4 BHK House for Rent in Horamavu Bangalore,Horamavu,Bengaluru,3000.0,4,3,2,Semi-Furnished,15.0,45000.0,15.0
4 BHK Villa for Rent in Horamavu Bangalore,Horamavu,Bengaluru,3200.0,4,4,2,Semi-Furnished,31.0,100000.0,31.25
4 BHK Villa for Rent in Horamavu Bangalore,Horamavu,Bengaluru,4000.0,4,4,3,Semi-Furnished,31.0,130000.0,32.5
4 BHK Villa for Rent in Horamavu Bangalore,Horamavu,Bengaluru,4300.0,4,4,5,Semi-Furnished,41.0,180000.0,41.86
2 BHK House for Rent in Horamavu Main Road Bangalore,Horamavu Main Road,Bengaluru,950.0,2,2,0,Unfurnished,30.0,28500.0,30.0
"2 BHK House for Rent in Hosa Road, off Hosur Road Bangalore",Hosa Road,Bengaluru,900.0,2,2,0,Semi-Furnished,18.0,16500.0,18.33
"2 BHK Flat for Rent in Hosa Road, off Hosur Road, Bangalore",Hosa Road,Bengaluru,1221.0,2,2,2,Furnished,29.0,35000.0,28.67
"2 BHK Flat for Rent in Hosa Road, off Hosur Road, Bangalore",Hosa Road,Bengaluru,1221.0,2,2,0,Furnished,29.0,36000.0,29.48
"2 BHK Flat for Rent in Hosa Road, off Hosur Road, Bangalore",Hosa Road,Bengaluru,1050.0,2,2,0,Unfurnished,40.0,41836.0,39.84
"3 BHK Flat for Rent in Hosa Road, off Hosur Road, Bangalore",Hosa Road,Bengaluru,1538.0,3,3,0,Semi-Furnished,36.0,55000.0,35.76
"3 BHK Flat for Rent in Hosa Road, off Hosur Road, Bangalore",Hosa Road,Bengaluru,1717.0,3,3,0,Semi-Furnished,41.0,70000.0,40.77
2 BHK House for Rent in Hoskote Bangalore,Hoskote,Bengaluru,1200.0,2,2,0,Unfurnished,17.0,20000.0,16.67
4 BHK Villa for Rent in Hoskote Bangalore,Hoskote,Bengaluru,2650.0,4,4,0,Semi-Furnished,13.0,35000.0,13.21
8 BHK House for Rent in Hoskote Bangalore,Hoskote,Bengaluru,4500.0,8,8,0,Semi-Furnished,19.0,85000.0,18.89
1 BHK House for Rent in Hoskote Road Bangalore,Hoskote Road,Bengaluru,400.0,1,1,0,Unfurnished,18.0,7000.0,17.5
"1 BHK Flat for Rent in Hosur Road, Bangalore",Hosur Road,Bengaluru,500.0,1,1,0,Semi-Furnished,32.0,16000.0,32.0
"2 BHK Flat for Rent in Hosur Road, Bangalore",Hosur Road,Bengaluru,1198.0,2,2,0,Semi-Furnished,43.0,52000.0,43.41
"3 BHK Flat for Rent in Hosur Road, Bangalore",Hosur Road,Bengaluru,1512.0,3,3,0,Unfurnished,42.0,64000.0,42.33
"3 BHK Flat for Rent in Hosur Road, Bangalore",Hosur Road,Bengaluru,1735.0,3,3,3,Semi-Furnished,46.0,80000.0,46.11
"3 BHK Flat for Rent in Hosur Road, Bangalore",Hosur Road,Bengaluru,1836.0,3,3,2,Semi-Furnished,48.0,88000.0,47.93
"3 BHK Flat for Rent in Hosur Road, Bangalore",Hosur Road,Bengaluru,1890.0,3,3,2,Furnished,53.0,100000.0,52.91
"1 BHK Flat for Rent in Hoysala Nagar Ramamurthy Nagar, Bangalore",Hoysalanagar,Bengaluru,400.0,1,1,0,Furnished,30.0,12000.0,30.0
"3 BHK Flat for Rent in Hrbr Layout, Kalyan Nagar, Outer Ring Road, Bangalore",Hrbr Layout,Bengaluru,2350.0,3,2,0,Semi-Furnished,34.0,79000.0,33.62
"2 BHK Flat for Rent in Block 1st HRBR Layout, Bangalore",Hrbr Layout Block 1,Bengaluru,1150.0,2,2,0,Semi-Furnished,28.0,32000.0,27.83
"2 BHK Flat for Rent in Block 1st HRBR Layout, Bangalore",Hrbr Layout Block 1,Bengaluru,1100.0,2,2,2,Semi-Furnished,32.0,35000.0,31.82
1 BHK House for Rent in Hulimavu Bangalore,Hulimavu,Bengaluru,600.0,1,1,0,Semi-Furnished,13.0,8000.0,13.33
2 BHK House for Rent in Hulimavu Bangalore,Hulimavu,Bengaluru,1200.0,2,2,2,Semi-Furnished,11.0,13000.0,10.83
2 BHK House for Rent in Hulimavu Bangalore,Hulimavu,Bengaluru,1150.0,2,2,2,Semi-Furnished,15.0,17000.0,14.78
"2 BHK Flat for Rent in Hulimavu, Bangalore",Hulimavu,Bengaluru,770.0,2,2,0,Semi-Furnished,39.0,30000.0,38.96
"3 BHK Flat for Rent in Hulimavu, Bangalore",Hulimavu,Bengaluru,1450.0,3,2,0,Unfurnished,17.0,25000.0,17.24
"3 BHK Flat for Rent in Hulimavu, Bangalore",Hulimavu,Bengaluru,1175.0,3,2,2,Semi-Furnished,27.0,32000.0,27.23
"3 BHK Flat for Rent in Hulimavu, Bangalore",Hulimavu,Bengaluru,1542.0,3,3,0,Furnished,27.0,42000.0,27.24
"4 BHK Flat for Rent in Hulimavu, Bangalore",Hulimavu,Bengaluru,3560.0,4,5,5,Furnished,37.0,130000.0,36.52
5 BHK House for Rent in Hulimavu Bangalore,Hulimavu,Bengaluru,3832.0,5,5,0,Semi-Furnished,29.0,110000.0,28.71
"3 BHK Flat for Rent in Hunasamaranahalli, Bangalore-Hyderabad Hwy, Bangalore",Hunasamaranahalli,Bengaluru,1559.0,3,2,0,Semi-Furnished,23.0,36000.0,23.09
"5 BHK Villa for Rent in Hunasamaranahalli, Bangalore-Hyderabad Hwy Bangalore",Hunasamaranahalli,Bengaluru,6700.0,5,7,5,Furnished,82.0,550000.0,82.09
2 BHK House for Rent in Huskur Bangalore,Huskur,Bengaluru,1100.0,2,2,0,Semi-Furnished,23.0,25000.0,22.73
"3 BHK Flat for Rent in Hutchins Road, Bangalore",Hutchins Road,Bengaluru,1600.0,3,3,3,Unfurnished,35.0,56000.0,35.0
"3 BHK Flat for Rent in Huvinayakanahalli, Bangalore",Huvinayakanahalli,Bengaluru,1043.0,3,2,0,Semi-Furnished,24.0,25000.0,23.97
"2 BHK Flat for Rent in Ibbaluru, Bangalore",Iblur Village,Bengaluru,1000.0,2,2,2,Semi-Furnished,43.0,43000.0,43.0
"1 BHK House for Rent in Immadihalli, Whitefield Bangalore",Immadihalli,Bengaluru,650.0,1,1,0,Semi-Furnished,20.0,13000.0,20.0
"1 BHK Flat for Rent in Indiranagar, Bangalore",Indira Nagar,Bengaluru,880.0,1,1,0,Furnished,36.0,32000.0,36.36
2 BHK House for Rent in Indiranagar Bangalore,Indira Nagar,Bengaluru,1400.0,2,2,0,Unfurnished,16.0,23000.0,16.43
"2 BHK Flat for Rent in Indiranagar, Bangalore",Indira Nagar,Bengaluru,850.0,2,2,0,Furnished,53.0,45000.0,52.94
3 BHK House for Rent in Indiranagar Bangalore,Indira Nagar,Bengaluru,2200.0,3,3,2,Semi-Furnished,39.0,85000.0,38.64
"3 BHK Flat for Rent in Indiranagar, Bangalore",Indira Nagar,Bengaluru,2300.0,3,3,2,Semi-Furnished,57.0,130000.0,56.52
"3 BHK Flat for Rent in Indiranagar, Bangalore",Indira Nagar,Bengaluru,2200.0,3,3,2,Semi-Furnished,61.0,140000.0,63.64
4 BHK House for Rent in Indiranagar Bangalore,Indira Nagar,Bengaluru,2000.0,4,3,0,Semi-Furnished,40.0,80000.0,40.0
4 BHK Villa for Rent in Indiranagar Bangalore,Indira Nagar,Bengaluru,4500.0,4,4,0,Semi-Furnished,39.0,180000.0,40.0
4 BHK Villa for Rent in Indiranagar Bangalore,Indira Nagar,Bengaluru,4541.0,4,5,4,Unfurnished,61.0,280000.0,61.66
4 BHK Villa for Rent in Indiranagar Bangalore,Indira Nagar,Bengaluru,4659.0,4,4,3,Semi-Furnished,64.0,300000.0,64.39
"3 BHK Flat for Rent in Stage 1 Indiranagar, Bangalore",Indira Nagar Stage 1,Bengaluru,2000.0,3,3,3,Semi-Furnished,58.0,120000.0,60.0
"3 BHK Flat for Rent in Stage 1 Indiranagar, Bangalore",Indira Nagar Stage 1,Bengaluru,2030.0,3,3,0,Semi-Furnished,59.0,120000.0,59.11
"3 BHK Flat for Rent in Stage 2 Indiranagar, Bangalore",Indira Nagar Stage 2,Bengaluru,1700.0,3,3,3,Furnished,44.0,75000.0,44.12
"3 BHK Flat for Rent in Stage 2 Indiranagar, Bangalore",Indira Nagar Stage 2,Bengaluru,1800.0,3,3,2,Unfurnished,56.0,100000.0,55.56
4 BHK House for Rent in Stage 2 Indiranagar Bangalore,Indira Nagar Stage 2,Bengaluru,2000.0,4,4,3,Semi-Furnished,70.0,140000.0,70.0
"5 BHK Flat for Rent in Infantry Road, Bangalore",Infantry Road,Bengaluru,2000.0,5,5,2,Semi-Furnished,30.0,60000.0,30.0
"2 BHK House for Rent in Isro Layout, Kumaraswamy Layout Bangalore",Isro Layout,Bengaluru,1200.0,2,2,0,Semi-Furnished,21.0,25000.0,20.83
"1 BHK Flat for Rent in ITI Layout HSR Layout, Bangalore",Iti Layout,Bengaluru,550.0,1,1,0,Unfurnished,48.0,26666.0,48.48
"1 BHK House for Rent in Itpl, Whitefield Bangalore",Itpl,Bengaluru,300.0,1,1,0,Furnished,60.0,18000.0,60.0
"3 BHK Flat for Rent in Itpl, Whitefield, Bangalore",Itpl,Bengaluru,1800.0,3,3,2,Semi-Furnished,40.0,72000.0,40.0
"4 BHK Flat for Rent in Itpl, Whitefield, Bangalore",Itpl,Bengaluru,2750.0,4,3,3,Semi-Furnished,36.0,100000.0,36.36
"4 BHK Flat for Rent in Itpl, Whitefield, Bangalore",Itpl,Bengaluru,2525.0,4,5,2,Semi-Furnished,44.0,110000.0,43.56
"4 BHK Villa for Rent in Itpl, Whitefield Bangalore",Itpl,Bengaluru,3500.0,4,4,2,Furnished,40.0,140000.0,40.0
"1 BHK Flat for Rent in ITPL Main Road, Bangalore",Itpl Main Road,Bengaluru,600.0,1,1,0,Semi-Furnished,25.0,15000.0,25.0
1 BHK House for Rent in Ittamadu Main Road Bangalore,Ittamadu Main Road,Bengaluru,600.0,1,1,0,Semi-Furnished,16.0,9500.0,15.83
4 BHK Villa for Rent in IVC Road Bangalore,Ivc Road,Bengaluru,6250.0,4,7,4,Furnished,51.0,320000.0,51.2
1 BHK House for Rent in J P Nagar Bangalore,JP Nagar,Bengaluru,500.0,1,1,0,Furnished,30.0,15000.0,30.0
2 BHK House for Rent in J P Nagar Bangalore,JP Nagar,Bengaluru,600.0,2,1,0,Unfurnished,20.0,12000.0,20.0
2 BHK House for Rent in J P Nagar Bangalore,JP Nagar,Bengaluru,600.0,2,1,0,Unfurnished,25.0,15000.0,25.0
"2 BHK Flat for Rent in J P Nagar, Bangalore",JP Nagar,Bengaluru,750.0,2,2,2,Semi-Furnished,21.0,16000.0,21.33
"2 BHK Flat for Rent in J P Nagar, Bangalore",JP Nagar,Bengaluru,950.0,2,2,2,Unfurnished,23.0,22000.0,23.16
"2 BHK Flat for Rent in J P Nagar, Bangalore",JP Nagar,Bengaluru,1500.0,2,2,3,Semi-Furnished,23.0,35000.0,23.33
"3 BHK Flat for Rent in J P Nagar, Bangalore",JP Nagar,Bengaluru,1100.0,3,2,2,Semi-Furnished,27.0,29500.0,26.82
"3 BHK Flat for Rent in J P Nagar, Bangalore",JP Nagar,Bengaluru,1587.0,3,2,0,Semi-Furnished,24.0,38000.0,23.94
"3 BHK Flat for Rent in J P Nagar, Bangalore",JP Nagar,Bengaluru,1515.0,3,2,2,Semi-Furnished,30.0,45000.0,29.7
"3 BHK Flat for Rent in J P Nagar, Bangalore",JP Nagar,Bengaluru,1780.0,3,3,3,Semi-Furnished,25.0,45000.0,25.28
"3 BHK Flat for Rent in J P Nagar, Bangalore",JP Nagar,Bengaluru,1500.0,3,2,3,Semi-Furnished,31.0,46000.0,30.67
"3 BHK Flat for Rent in J P Nagar, Bangalore",JP Nagar,Bengaluru,1400.0,3,3,2,Semi-Furnished,39.0,55000.0,39.29
"3 BHK Flat for Rent in J P Nagar, Bangalore",JP Nagar,Bengaluru,1000.0,3,2,0,Furnished,75.0,75000.0,75.0
3 BHK House for Rent in J P Nagar Bangalore,JP Nagar,Bengaluru,3000.0,3,4,0,Semi-Furnished,37.0,110000.0,36.67
5 BHK House for Rent in J P Nagar Bangalore,JP Nagar,Bengaluru,2400.0,5,4,0,Semi-Furnished,83.0,200000.0,83.33
"2 BHK House for Rent in Jakkasandra Extension, Koramangala Bangalore",Jakkasandra Extension,Bengaluru,850.0,2,1,0,Semi-Furnished,18.0,15000.0,17.65
1 BHK House for Rent in Jakkur Bangalore,Jakkur,Bengaluru,600.0,1,1,0,Unfurnished,27.0,16000.0,26.67
"2 BHK Flat for Rent in Jakkur, Bangalore",Jakkur,Bengaluru,950.0,2,2,2,Semi-Furnished,21.0,20000.0,21.05
"2 BHK Flat for Rent in Jakkur, Bangalore",Jakkur,Bengaluru,690.0,2,2,0,Semi-Furnished,32.0,22000.0,31.88
"2 BHK Flat for Rent in Jakkur, Bangalore",Jakkur,Bengaluru,690.0,2,2,0,Semi-Furnished,37.0,25500.0,36.96
"2 BHK Flat for Rent in Jakkur, Bangalore",Jakkur,Bengaluru,790.0,2,2,0,Furnished,38.0,30000.0,37.97
"2 BHK Flat for Rent in Jakkur, Bangalore",Jakkur,Bengaluru,1200.0,2,3,0,Semi-Furnished,27.0,32000.0,26.67
"2 BHK Flat for Rent in Jakkur, Bangalore",Jakkur,Bengaluru,840.0,2,2,0,Furnished,49.0,41000.0,48.81
"3 BHK Flat for Rent in Jakkur, Bangalore",Jakkur,Bengaluru,1100.0,3,3,2,Unfurnished,29.0,32000.0,29.09
"3 BHK Flat for Rent in Jakkur, Bangalore",Jakkur,Bengaluru,1490.0,3,3,0,Semi-Furnished,43.0,64000.0,42.95
"3 BHK Flat for Rent in Jakkur, Bangalore",Jakkur,Bengaluru,1500.0,3,3,0,Unfurnished,48.0,72000.0,48.0
"3 BHK Flat for Rent in Jakkur, Bangalore",Jakkur,Bengaluru,1950.0,3,3,3,Semi-Furnished,41.0,80000.0,41.03
3 BHK House for Rent in Jakkur Bangalore,Jakkur,Bengaluru,2400.0,3,3,4,Semi-Furnished,38.0,90000.0,37.5
"3 BHK Flat for Rent in Jakkur Plantation, Bangalore",Jakkur Plantation,Bengaluru,1717.0,3,3,0,Semi-Furnished,23.0,40000.0,23.3
"2 BHK Flat for Rent in Jakkuru Main Road, Bangalore",Jakkuru Main Road,Bengaluru,1057.0,2,2,0,Semi-Furnished,33.0,35000.0,33.11
"2 BHK Flat for Rent in Jalahalli, Jalahalli, Outer Ring Road, Bangalore",Jalahalli,Bengaluru,1407.0,2,2,0,Semi-Furnished,24.0,34000.0,24.16
"2 BHK Flat for Rent in Jalahalli, Jalahalli, Outer Ring Road, Bangalore",Jalahalli,Bengaluru,1268.0,2,2,0,Semi-Furnished,28.0,35000.0,27.6
"2 BHK Flat for Rent in Jalahalli East, Bangalore",Jalahalli East,Bengaluru,850.0,2,2,0,Semi-Furnished,24.0,20000.0,23.53
"2 BHK Flat for Rent in Jalahalli West, Bangalore",Jalahalli West,Bengaluru,800.0,2,2,0,Furnished,30.0,24000.0,30.0
"3 BHK Flat for Rent in Jayamahal Main Road, Bangalore",Jayamahal Main Road,Bengaluru,1700.0,3,3,0,Semi-Furnished,47.0,80000.0,47.06
"2 BHK Flat for Rent in Jayanagar, Bangalore",Jayanagar,Bengaluru,1400.0,2,2,2,Unfurnished,34.0,47000.0,33.57
5 BHK House for Rent in Jayanagar Bangalore,Jayanagar,Bengaluru,5100.0,5,6,0,Furnished,49.0,250000.0,49.02
"3 BHK Flat for Rent in Jayanagar Housing Society Layout, Bangalore",Jayanagar Housing Society Layout,Bengaluru,1300.0,3,3,0,Furnished,29.0,38000.0,29.23
"1 BHK House for Rent in Jc Nagar-Kurubarahalli, Kamala Nagar Bangalore",Jc Nagar-Kurubarahalli,Bengaluru,350.0,1,1,0,Semi-Furnished,21.0,7500.0,21.43
"2 BHK Flat for Rent in Jeevan Bima Nagar, Airport Road, Bangalore",Jeevan Bima Nagar,Bengaluru,850.0,2,2,0,Semi-Furnished,41.0,35000.0,41.18
1 BHK House for Rent in Jigani Bangalore,Jigani,Bengaluru,600.0,1,1,0,Unfurnished,8.0,5000.0,8.33
1 BHK House for Rent in Jigani Bangalore,Jigani,Bengaluru,500.0,1,1,0,Semi-Furnished,18.0,9000.0,18.0
2 BHK House for Rent in Jigani Bangalore,Jigani,Bengaluru,700.0,2,2,0,Semi-Furnished,15.0,10750.0,15.36
2 BHK House for Rent in Jigani Bangalore,Jigani,Bengaluru,750.0,2,1,0,Semi-Furnished,15.0,11000.0,14.67
2 BHK House for Rent in Jigani Bangalore,Jigani,Bengaluru,850.0,2,2,0,Semi-Furnished,14.0,11500.0,13.53
"2 BHK Flat for Rent in Jigani, Bangalore",Jigani,Bengaluru,1024.0,2,2,0,Semi-Furnished,16.0,16500.0,16.11
"2 BHK Flat for Rent in Jigani, Bangalore",Jigani,Bengaluru,1343.0,2,2,3,Semi-Furnished,16.0,21000.0,15.64
"2 BHK Flat for Rent in Jigani, Bangalore",Jigani,Bengaluru,939.0,2,2,3,Semi-Furnished,22.0,21000.0,22.36
2 BHK House for Rent in Jeevanahalli Cox Town Bangalore,Jivanahalli,Bengaluru,900.0,2,1,0,Semi-Furnished,20.0,18000.0,20.0
"2 BHK Flat for Rent in Judicial Layout, Yelahanka, Bangalore",Judicial Layout,Bengaluru,720.0,2,2,0,Semi-Furnished,42.0,30000.0,41.67
"2 BHK Flat for Rent in Judicial Layout, Yelahanka, Bangalore",Judicial Layout,Bengaluru,1200.0,2,2,2,Furnished,38.0,45000.0,37.5
"3 BHK Villa for Rent in Judicial Layout, Yelahanka Bangalore",Judicial Layout,Bengaluru,9000.0,3,3,4,Furnished,39.0,350000.0,38.89
"4 BHK House for Rent in Judicial Layout, Yelahanka Bangalore",Judicial Layout,Bengaluru,4600.0,4,4,4,Semi-Furnished,22.0,99000.0,21.52
"2 BHK Flat for Rent in Junnasandra, Bangalore",Junnasandra,Bengaluru,1000.0,2,2,2,Semi-Furnished,35.0,35000.0,35.0
"2 BHK Flat for Rent in K Channasandra, Bangalore",K Channasandra,Bengaluru,750.0,2,2,0,Semi-Furnished,24.0,18000.0,24.0
1 BHK House for Rent in Krishnarajapura Bangalore,KR Puram,Bengaluru,600.0,1,1,0,Unfurnished,18.0,11000.0,18.33
2 BHK House for Rent in Krishnarajapura Bangalore,KR Puram,Bengaluru,1000.0,2,1,0,Semi-Furnished,15.0,15000.0,15.0
"2 BHK Flat for Rent in Krishnarajapura, Bangalore",KR Puram,Bengaluru,665.0,2,2,0,Semi-Furnished,23.0,15000.0,22.56
2 BHK House for Rent in Krishnarajapura Bangalore,KR Puram,Bengaluru,1000.0,2,1,0,Semi-Furnished,16.0,16000.0,16.0
2 BHK House for Rent in Krishnarajapura Bangalore,KR Puram,Bengaluru,700.0,2,2,0,Semi-Furnished,29.0,20500.0,29.29
2 BHK House for Rent in Krishnarajapura Bangalore,KR Puram,Bengaluru,1100.0,2,2,0,Semi-Furnished,20.0,22000.0,20.0
2 BHK House for Rent in Krishnarajapura Bangalore,KR Puram,Bengaluru,900.0,2,2,0,Unfurnished,24.0,22000.0,24.44
"2 BHK Flat for Rent in Krishnarajapura, Bangalore",KR Puram,Bengaluru,810.0,2,2,2,Unfurnished,32.0,26000.0,32.1
"2 BHK Flat for Rent in Krishnarajapura, Bangalore",KR Puram,Bengaluru,1240.0,2,2,2,Semi-Furnished,27.0,33000.0,26.61
"2 BHK Flat for Rent in Krishnarajapura, Bangalore",KR Puram,Bengaluru,910.0,2,2,0,Semi-Furnished,49.0,45000.0,49.45
"3 BHK Flat for Rent in Krishnarajapura, Bangalore",KR Puram,Bengaluru,1200.0,3,2,0,Semi-Furnished,29.0,35000.0,29.17
"3 BHK Flat for Rent in Krishnarajapura, Bangalore",KR Puram,Bengaluru,1765.0,3,3,0,Unfurnished,31.0,55000.0,31.16
"3 BHK Flat for Rent in Krishnarajapura, Bangalore",KR Puram,Bengaluru,2064.0,3,3,2,Semi-Furnished,28.0,57999.0,28.1
4 BHK Villa for Rent in Krishnarajapura Bangalore,KR Puram,Bengaluru,2888.0,4,4,3,Semi-Furnished,35.0,100000.0,34.63
3 BHK House for Rent in Kada Agrahara Bangalore,Kada Agrahara,Bengaluru,951.0,3,2,0,Semi-Furnished,21.0,20000.0,21.03
"1 BHK Flat for Rent in Kadabagere, Bangalore",Kadabagere,Bengaluru,650.0,1,1,0,Furnished,9.0,6000.0,9.23
1 BHK House for Rent in Kadubeesanahalli Bangalore,Kadubeesanahalli,Bengaluru,550.0,1,1,0,Furnished,40.0,22000.0,40.0
"2 BHK Flat for Rent in Kadubeesanahalli, Bangalore",Kadubeesanahalli,Bengaluru,1000.0,2,2,0,Semi-Furnished,23.0,23000.0,23.0
2 BHK House for Rent in Kadubeesanahalli Bangalore,Kadubeesanahalli,Bengaluru,1200.0,2,2,0,Furnished,21.0,25000.0,20.83
"2 BHK Flat for Rent in Kadubeesanahalli, Bangalore",Kadubeesanahalli,Bengaluru,1100.0,2,2,0,Unfurnished,34.0,37000.0,33.64
5 BHK Villa for Rent in Kadubeesanahalli Bangalore,Kadubeesanahalli,Bengaluru,3500.0,5,4,4,Unfurnished,51.0,180000.0,51.43
1 BHK House for Rent in Kadugodi Bangalore,Kadugodi,Bengaluru,600.0,1,1,0,Unfurnished,13.0,8000.0,13.33
"1 BHK Flat for Rent in Kadugodi, Bangalore",Kadugodi,Bengaluru,1200.0,1,1,0,Semi-Furnished,12.0,15000.0,12.5
2 BHK House for Rent in Kadugodi Bangalore,Kadugodi,Bengaluru,800.0,2,2,0,Semi-Furnished,28.0,22000.0,27.5
"2 BHK Flat for Rent in Kadugodi, Bangalore",Kadugodi,Bengaluru,1095.0,2,2,2,Semi-Furnished,23.0,25000.0,22.83
2 BHK House for Rent in Kadugodi Bangalore,Kadugodi,Bengaluru,800.0,2,2,0,Semi-Furnished,31.0,25000.0,31.25
2 BHK House for Rent in Kadugodi Bangalore,Kadugodi,Bengaluru,1200.0,2,3,0,Furnished,23.0,28000.0,23.33
"2 BHK Flat for Rent in Kadugodi, Bangalore",Kadugodi,Bengaluru,1130.0,2,2,0,Semi-Furnished,29.0,33000.0,29.2
3 BHK House for Rent in Kadugodi Bangalore,Kadugodi,Bengaluru,900.0,3,2,0,Unfurnished,20.0,18000.0,20.0
"3 BHK Flat for Rent in Kadugodi, Bangalore",Kadugodi,Bengaluru,1245.0,3,2,0,Semi-Furnished,31.0,38000.0,30.52
"3 BHK Flat for Rent in Kadugodi, Bangalore",Kadugodi,Bengaluru,1590.0,3,3,0,Semi-Furnished,31.0,50000.0,31.45
"3 BHK Flat for Rent in Kadugodi, Bangalore",Kadugodi,Bengaluru,1760.0,3,3,0,Furnished,34.0,60000.0,34.09
"2 BHK House for Rent in Kadugondanahalli, Kadugondanahalli Bangalore",Kadugondanahalli,Bengaluru,600.0,2,1,0,Unfurnished,17.0,10000.0,16.67
"4 BHK Flat for Rent in Kadugondanahalli, Kadugondanahalli, Bangalore",Kadugondanahalli,Bengaluru,2800.0,4,5,2,Furnished,45.0,130000.0,46.43
"1 BHK House for Rent in Kaggadasapura, Indira nagar Bangalore",Kaggadasapura,Bengaluru,600.0,1,1,0,Unfurnished,15.0,9000.0,15.0
"1 BHK House for Rent in Kaggadasapura, Indira nagar Bangalore",Kaggadasapura,Bengaluru,375.0,1,1,0,Unfurnished,25.0,9500.0,25.33
"1 BHK Flat for Rent in Kaggadasapura, Indira nagar, Bangalore",Kaggadasapura,Bengaluru,500.0,1,1,0,Semi-Furnished,36.0,18000.0,36.0
"2 BHK House for Rent in Kaggadasapura, Indira nagar Bangalore",Kaggadasapura,Bengaluru,1000.0,2,2,0,Semi-Furnished,16.0,16000.0,16.0
"2 BHK Flat for Rent in Kaggadasapura, Indira nagar, Bangalore",Kaggadasapura,Bengaluru,900.0,2,2,3,Semi-Furnished,33.0,30000.0,33.33
"2 BHK Flat for Rent in Kaggadasapura, Indira nagar, Bangalore",Kaggadasapura,Bengaluru,1245.0,2,2,2,Semi-Furnished,35.0,44000.0,35.34
"3 BHK Flat for Rent in Kaggadasapura, Indira nagar, Bangalore",Kaggadasapura,Bengaluru,1200.0,3,2,2,Semi-Furnished,23.0,27000.0,22.5
"3 BHK House for Rent in Kaggadasapura, Indira nagar Bangalore",Kaggadasapura,Bengaluru,2400.0,3,3,0,Semi-Furnished,23.0,55000.0,22.92
"2 BHK Flat for Rent in Kaikondrahalli, Bangalore",Kaikondrahalli,Bengaluru,1250.0,2,2,0,Semi-Furnished,36.0,45000.0,36.0
"1 BHK House for Rent in Kalappa Layout, Kartik Nagar Bangalore",Kalappa Layout,Bengaluru,300.0,1,1,0,Unfurnished,18.0,5500.0,18.33
"3 BHK Flat for Rent in Kalena Agrahara, Bangalore",Kalena Agrahara,Bengaluru,1760.0,3,3,5,Semi-Furnished,28.0,50000.0,28.41
"3 BHK Flat for Rent in Kalena Agrahara, Bangalore",Kalena Agrahara,Bengaluru,1804.0,3,3,2,Semi-Furnished,33.0,60000.0,33.26
"1 BHK House for Rent in Kalidasa Layout, Banashankari Bangalore",Kalidasa Layout,Bengaluru,350.0,1,1,0,Unfurnished,19.0,6500.0,18.57
2 BHK House for Rent in Kalyan Nagar Bangalore,Kalyan Nagar,Bengaluru,1220.0,2,2,0,Furnished,18.0,22000.0,18.03
"2 BHK Flat for Rent in Kalyan Nagar, Bangalore",Kalyan Nagar,Bengaluru,765.0,2,1,0,Semi-Furnished,33.0,25000.0,32.68
"2 BHK Flat for Rent in Kalyan Nagar, Bangalore",Kalyan Nagar,Bengaluru,1145.0,2,2,2,Semi-Furnished,26.0,30000.0,26.2
"1 BHK House for Rent in Kamakshipalya, Outer Ring Road Bangalore",Kamakshipalya,Bengaluru,600.0,1,1,0,Semi-Furnished,8.0,5000.0,8.33
"1 BHK House for Rent in Kamakshipalya, Outer Ring Road Bangalore",Kamakshipalya,Bengaluru,600.0,1,1,0,Unfurnished,14.0,8500.0,14.17
"1 BHK House for Rent in Kammagondahalli, Jalahalli Bangalore",Kammagondahalli,Bengaluru,400.0,1,1,0,Unfurnished,11.0,4500.0,11.25
1 BHK House for Rent in Kammanahalli Bangalore,Kammanahalli,Bengaluru,300.0,1,1,0,Semi-Furnished,27.0,8000.0,26.67
"2 BHK Flat for Rent in Kammanahalli, Bangalore",Kammanahalli,Bengaluru,1200.0,2,1,0,Semi-Furnished,17.0,20000.0,16.67
"2 BHK Flat for Rent in Kammanahalli, Bangalore",Kammanahalli,Bengaluru,950.0,2,2,0,Semi-Furnished,55.0,52000.0,54.74
"3 BHK Flat for Rent in Kammanahalli, Bangalore",Kammanahalli,Bengaluru,2100.0,3,3,0,Semi-Furnished,31.0,65000.0,30.95
"3 BHK Flat for Rent in Kammanahalli, Bangalore",Kammanahalli,Bengaluru,1850.0,3,3,2,Semi-Furnished,38.0,70000.0,37.84
"3 BHK Flat for Rent in Kammanahalli, Bangalore",Kammanahalli,Bengaluru,1900.0,3,3,2,Furnished,45.0,85000.0,44.74
2 BHK House for Rent in Kammasandra Electronic City Bangalore,Kammasandra,Bengaluru,600.0,2,1,0,Semi-Furnished,13.0,8000.0,13.33
2 BHK House for Rent in Kanaka Nagar Hebbal Bangalore,Kanaka Nagar,Bengaluru,1200.0,2,2,0,Semi-Furnished,50.0,60000.0,50.0
"3 BHK Flat for Rent in Kanakapura, Bangalore",Kanakapura,Bengaluru,1900.0,3,3,3,Semi-Furnished,26.0,50000.0,26.32
"2 BHK Flat for Rent in Kanakapura Road, Bangalore",Kanakapura Road,Bengaluru,1200.0,2,2,0,Semi-Furnished,17.0,20000.0,16.67
"2 BHK Flat for Rent in Kanakapura Road, Bangalore",Kanakapura Road,Bengaluru,1025.0,2,2,0,Semi-Furnished,37.0,38000.0,37.07
"2 BHK Flat for Rent in Kanakapura Road, Bangalore",Kanakapura Road,Bengaluru,1260.0,2,2,0,Semi-Furnished,32.0,40000.0,31.75
"2 BHK Flat for Rent in Kanakapura Road, Bangalore",Kanakapura Road,Bengaluru,1218.0,2,2,2,Semi-Furnished,39.0,48000.0,39.41
"2 BHK Flat for Rent in Kanakapura Road, Bangalore",Kanakapura Road,Bengaluru,1230.0,2,2,0,Unfurnished,41.0,50000.0,40.65
"3 BHK Flat for Rent in Kanakapura Road, Bangalore",Kanakapura Road,Bengaluru,1125.0,3,2,0,Unfurnished,31.0,35000.0,31.11
3 BHK Villa for Rent in Kanakapura Road Bangalore,Kanakapura Road,Bengaluru,1690.0,3,3,0,Semi-Furnished,24.0,40000.0,23.67
"3 BHK Flat for Rent in Kanakapura Road, Bangalore",Kanakapura Road,Bengaluru,1500.0,3,3,2,Semi-Furnished,30.0,45000.0,30.0
"3 BHK Flat for Rent in Kanakapura Road, Bangalore",Kanakapura Road,Bengaluru,1450.0,3,3,0,Furnished,31.0,45000.0,31.03
"3 BHK Flat for Rent in Kanakapura Road, Bangalore",Kanakapura Road,Bengaluru,1510.0,3,3,2,Semi-Furnished,30.0,45000.0,29.8
"3 BHK Flat for Rent in Kanakapura Road, Bangalore",Kanakapura Road,Bengaluru,1700.0,3,3,4,Furnished,28.0,48000.0,28.24
3 BHK Villa for Rent in Kanakapura Road Bangalore,Kanakapura Road,Bengaluru,2480.0,3,3,0,Semi-Furnished,20.0,50000.0,20.16
"3 BHK Flat for Rent in Kanakapura Road, Bangalore",Kanakapura Road,Bengaluru,1603.0,3,3,3,Semi-Furnished,35.0,56000.0,34.93
"3 BHK Flat for Rent in Kanakapura Road, Bangalore",Kanakapura Road,Bengaluru,1650.0,3,3,2,Semi-Furnished,39.0,65000.0,39.39
"4 BHK Flat for Rent in Kanakapura Road, Bangalore",Kanakapura Road,Bengaluru,2500.0,4,5,2,Semi-Furnished,34.0,85000.0,34.0
"4 BHK Flat for Rent in Kanakapura Road, Bangalore",Kanakapura Road,Bengaluru,1900.0,4,5,2,Unfurnished,45.0,85000.0,44.74
"4 BHK Flat for Rent in Kanakapura Road, Bangalore",Kanakapura Road,Bengaluru,2105.0,4,4,0,Semi-Furnished,40.0,85000.0,40.38
2 BHK House for Rent in Kannamangala Bangalore,Kannamangala,Bengaluru,900.0,2,2,0,Semi-Furnished,14.0,13000.0,14.44
"3 BHK Flat for Rent in Kannamangala, Bangalore",Kannamangala,Bengaluru,2229.0,3,3,3,Furnished,31.0,70000.0,31.4
4 BHK Villa for Rent in Kannamangala Bangalore,Kannamangala,Bengaluru,3000.0,4,5,0,Unfurnished,50.0,150000.0,50.0
2 BHK House for Rent in Kannuru Bangalore,Kannuru,Bengaluru,600.0,2,1,0,Unfurnished,13.0,8000.0,13.33
3 BHK House for Rent in Kannuru Bangalore,Kannuru,Bengaluru,860.0,3,3,2,Semi-Furnished,41.0,35000.0,40.7
5 BHK House for Rent in Kannuru Bangalore,Kannuru,Bengaluru,3300.0,5,7,2,Semi-Furnished,30.0,100000.0,30.3
2 BHK House for Rent in Karihobanahalli Bangalore,Kariobanahalli,Bengaluru,950.0,2,2,0,Semi-Furnished,17.0,16000.0,16.84
"4 BHK Flat for Rent in Kariyammana Agrahara, Bellandur, Bangalore",Kariyammana Agrahara,Bengaluru,4010.0,4,6,5,Semi-Furnished,38.0,150000.0,37.41
"5 BHK Flat for Rent in Kariyammana Agrahara, Bellandur, Bangalore",Kariyammana Agrahara,Bengaluru,5965.0,5,5,4,Semi-Furnished,38.0,230000.0,38.56
"1 BHK Flat for Rent in Karthik Nagar, Bangalore",Karthik Nagar,Bengaluru,500.0,1,1,0,Furnished,50.0,25000.0,50.0
"2 BHK Flat for Rent in Kasavanahalli, Bangalore",Kasavanahalli,Bengaluru,950.0,2,2,0,Semi-Furnished,12.0,11000.0,11.58
2 BHK House for Rent in Kasavanahalli Bangalore,Kasavanahalli,Bengaluru,750.0,2,2,0,Unfurnished,23.0,17000.0,22.67
2 BHK House for Rent in Kasavanahalli Bangalore,Kasavanahalli,Bengaluru,750.0,2,1,0,Semi-Furnished,27.0,20000.0,26.67
"2 BHK Flat for Rent in Kasavanahalli, Bangalore",Kasavanahalli,Bengaluru,750.0,2,2,0,Unfurnished,29.0,22000.0,29.33
"2 BHK Flat for Rent in Kasavanahalli, Bangalore",Kasavanahalli,Bengaluru,1084.0,2,2,3,Semi-Furnished,25.0,27500.0,25.37
"2 BHK Flat for Rent in Kasavanahalli, Bangalore",Kasavanahalli,Bengaluru,1050.0,2,2,2,Unfurnished,33.0,35000.0,33.33
"2 BHK Flat for Rent in Kasavanahalli, Bangalore",Kasavanahalli,Bengaluru,1500.0,2,2,0,Semi-Furnished,27.0,40000.0,26.67
3 BHK House for Rent in Kasavanahalli Bangalore,Kasavanahalli,Bengaluru,1300.0,3,2,2,Semi-Furnished,14.0,18000.0,13.85
"3 BHK Flat for Rent in Kasavanahalli, Bangalore",Kasavanahalli,Bengaluru,1000.0,3,3,0,Semi-Furnished,40.0,40000.0,40.0
"3 BHK Flat for Rent in Kasavanahalli, Bangalore",Kasavanahalli,Bengaluru,1511.0,3,3,0,Semi-Furnished,33.0,50000.0,33.09
"3 BHK Flat for Rent in Kasavanahalli, Bangalore",Kasavanahalli,Bengaluru,1717.0,3,3,3,Semi-Furnished,35.0,60000.0,34.94
"3 BHK Flat for Rent in Kasavanahalli, Bangalore",Kasavanahalli,Bengaluru,1200.0,3,3,2,Furnished,58.0,70000.0,58.33
"3 BHK Flat for Rent in Kasavanahalli, Bangalore",Kasavanahalli,Bengaluru,1509.0,3,3,3,Furnished,52.0,77900.0,51.62
"3 BHK Flat for Rent in Kasavanahalli, Bangalore",Kasavanahalli,Bengaluru,1820.0,3,3,4,Semi-Furnished,43.0,79000.0,43.41
"3 BHK Flat for Rent in Kasavanahalli, Bangalore",Kasavanahalli,Bengaluru,1440.0,3,2,2,Semi-Furnished,59.0,85000.0,59.03
"4 BHK Flat for Rent in Kasavanahalli, Bangalore",Kasavanahalli,Bengaluru,3000.0,4,3,2,Semi-Furnished,28.0,85000.0,28.33
4 BHK House for Rent in Kasavanahalli Bangalore,Kasavanahalli,Bengaluru,2500.0,4,5,0,Unfurnished,40.0,100000.0,40.0
2 BHK House for Rent in Kasturi Nagar Bangalore,Kasturi Nagar,Bengaluru,800.0,2,2,0,Semi-Furnished,26.0,21000.0,26.25
"2 BHK Flat for Rent in Kasturi Nagar, Bangalore",Kasturi Nagar,Bengaluru,1266.0,2,2,0,Furnished,39.0,50000.0,39.49
3 BHK House for Rent in Kasturi Nagar Bangalore,Kasturi Nagar,Bengaluru,2400.0,3,3,0,Semi-Furnished,31.0,75000.0,31.25
5 BHK House for Rent in Kasturi Nagar Bangalore,Kasturi Nagar,Bengaluru,5500.0,5,4,3,Semi-Furnished,27.0,150000.0,27.27
"5 BHK Flat for Rent in Kattigenahalli, Bellary Road, Bangalore",Kattigenahalli,Bengaluru,2860.0,5,5,4,Semi-Furnished,21.0,60000.0,20.98
1 BHK House for Rent in Kaval Bairasandra Bangalore,Kaval Byrasandra,Bengaluru,550.0,1,2,0,Semi-Furnished,22.0,12000.0,21.82
2 BHK House for Rent in Kaval Bairasandra Bangalore,Kaval Byrasandra,Bengaluru,800.0,2,2,0,Semi-Furnished,25.0,20000.0,25.0
3 BHK House for Rent in Kaval Bairasandra Bangalore,Kaval Byrasandra,Bengaluru,1280.0,3,3,0,Semi-Furnished,18.0,23000.0,17.97
"3 BHK Flat for Rent in Kaval Bairasandra, Bangalore",Kaval Byrasandra,Bengaluru,2000.0,3,3,3,Unfurnished,22.0,45000.0,22.5
"2 BHK Flat for Rent in Kaveri Nagar Kaval Bairasandra, Bangalore",Kaveri Nagar,Bengaluru,1089.0,2,2,2,Unfurnished,22.0,24000.0,22.04
3 BHK House for Rent in Kempapura Bangalore,Kempapura,Bengaluru,900.0,3,3,0,Semi-Furnished,20.0,18000.0,20.0
"4 BHK Flat for Rent in Kempapura, Bangalore",Kempapura,Bengaluru,4500.0,4,4,3,Semi-Furnished,78.0,350000.0,77.78
1 BHK House for Rent in Kempapura Agrahara Bangalore,Kempapura Agrahara,Bengaluru,800.0,1,1,0,Semi-Furnished,13.0,10500.0,13.12
"3 BHK Flat for Rent in Kenchenhalli, Bangalore",Kenchenhalli,Bengaluru,1500.0,3,2,0,Semi-Furnished,20.0,30000.0,20.0
3 BHK House for Rent in Kengeri Bangalore,Kengeri,Bengaluru,1000.0,3,2,2,Furnished,23.0,23000.0,23.0
"3 BHK Flat for Rent in Kengeri Main Road, Bangalore",Kengeri Main Road,Bengaluru,1250.0,3,3,3,Furnished,20.0,25000.0,20.0
"1 BHK Flat for Rent in Kengeri Satellite Town, Bangalore",Kengeri Satellite Town,Bengaluru,550.0,1,1,0,Semi-Furnished,10.0,5500.0,10.0
2 BHK House for Rent in Kengeri Satellite Town Bangalore,Kengeri Satellite Town,Bengaluru,500.0,2,2,0,Unfurnished,16.0,8000.0,16.0
"2 BHK Flat for Rent in Kengeri Satellite Town, Bangalore",Kengeri Satellite Town,Bengaluru,1300.0,2,1,0,Semi-Furnished,15.0,20000.0,15.38
2 BHK House for Rent in Kithaganur Main Road Bangalore,Kithaganur Main Road,Bengaluru,1000.0,2,2,0,Furnished,14.0,14000.0,14.0
3 BHK Villa for Rent in Kithaganur Main Road Bangalore,Kithaganur Main Road,Bengaluru,2000.0,3,3,0,Furnished,18.0,35000.0,17.5
2 BHK House for Rent in Kodathi Bangalore,Kodathi,Bengaluru,700.0,2,1,0,Semi-Furnished,23.0,16000.0,22.86
"2 BHK Flat for Rent in Kodathi, Bangalore",Kodathi,Bengaluru,750.0,2,2,0,Semi-Furnished,35.0,26000.0,34.67
3 BHK House for Rent in Kodathi Bangalore,Kodathi,Bengaluru,1200.0,3,2,0,Semi-Furnished,19.0,23000.0,19.17
4 BHK Villa for Rent in Kodichikknahalli Seenappa Layout Bommanahalli Bangalore,Kodichikknahalli,Bengaluru,3100.0,4,4,0,Furnished,26.0,80000.0,25.81
"2 BHK Flat for Rent in Kodigehalli, Bangalore",Kodigehalli,Bengaluru,1175.0,2,2,2,Semi-Furnished,27.0,32000.0,27.23
"3 BHK Flat for Rent in Kodigehalli, Bangalore",Kodigehalli,Bengaluru,1555.0,3,3,3,Semi-Furnished,26.0,40000.0,25.72
"2 BHK Flat for Rent in Kodigenahalli, Bangalore",Kodigenahalli,Bengaluru,1000.0,2,2,0,Semi-Furnished,20.0,20000.0,20.0
1 BHK House for Rent in Kodihalli Bangalore,Kodihalli,Bengaluru,350.0,1,1,0,Unfurnished,46.0,16000.0,45.71
"3 BHK Flat for Rent in Kodihalli, Bangalore",Kodihalli,Bengaluru,1600.0,3,2,2,Unfurnished,53.0,85000.0,53.12
3 BHK House for Rent in Kodipalya Bangalore,Kodipalya,Bengaluru,1500.0,3,3,0,Semi-Furnished,50.0,75000.0,50.0
3 BHK House for Rent in Kogilu Bangalore,Kogilu,Bengaluru,1300.0,3,2,0,Semi-Furnished,23.0,30000.0,23.08
"3 BHK Flat for Rent in Kogilu, Bangalore",Kogilu,Bengaluru,1610.0,3,3,0,Semi-Furnished,30.0,48000.0,29.81
"3 BHK Flat for Rent in Kogilu, Bangalore",Kogilu,Bengaluru,1500.0,3,3,2,Semi-Furnished,37.0,55000.0,36.67
"3 BHK Flat for Rent in Kogilu, Bangalore",Kogilu,Bengaluru,2000.0,3,4,0,Semi-Furnished,30.0,60000.0,30.0
"2 BHK Flat for Rent in Kogilu Main Road, Bangalore",Kogilu Main Road,Bengaluru,1022.0,2,2,2,Semi-Furnished,32.0,33000.0,32.29
"3 BHK Flat for Rent in Kogilu Main Road, Bangalore",Kogilu Main Road,Bengaluru,1350.0,3,2,2,Semi-Furnished,33.0,45000.0,33.33
"3 BHK Flat for Rent in Kogilu Main Road, Bangalore",Kogilu Main Road,Bengaluru,1840.0,3,3,2,Semi-Furnished,27.0,50000.0,27.17
1 BHK House for Rent in Konanakunte Bangalore,Konanakunte,Bengaluru,600.0,1,1,0,Semi-Furnished,25.0,15000.0,25.0
2 BHK House for Rent in Konanakunte Bangalore,Konanakunte,Bengaluru,1200.0,2,2,0,Semi-Furnished,21.0,25000.0,20.83
"3 BHK Flat for Rent in Konanakunte, Bangalore",Konanakunte,Bengaluru,1583.0,3,3,0,Semi-Furnished,35.0,55000.0,34.74
"4 BHK Flat for Rent in Konanakunte, Bangalore",Konanakunte,Bengaluru,2000.0,4,6,2,Semi-Furnished,45.0,90000.0,45.0
1 BHK House for Rent in Konena Agrahara Murgesh Pallya Bangalore,Konena Agrahara Murgesh Pallya,Bengaluru,450.0,1,1,0,Semi-Furnished,22.0,10000.0,22.22
2 BHK Villa for Rent in Konena Agrahara Murgesh Pallya Bangalore,Konena Agrahara Murgesh Pallya,Bengaluru,650.0,2,3,0,Semi-Furnished,46.0,30000.0,46.15
"2 BHK Flat for Rent in Konena Agrahara Murgesh Pallya, Bangalore",Konena Agrahara Murgesh Pallya,Bengaluru,950.0,2,2,0,Semi-Furnished,45.0,43000.0,45.26
2 BHK House for Rent in Koppa Bangalore,Koppa,Bengaluru,1200.0,2,2,0,Semi-Furnished,8.0,10000.0,8.33
1 BHK House for Rent in Koramangala Bangalore,Koramangala,Bengaluru,500.0,1,1,0,Semi-Furnished,28.0,14000.0,28.0
"1 BHK Flat for Rent in Koramangala, Bangalore",Koramangala,Bengaluru,1200.0,1,1,0,Semi-Furnished,15.0,18000.0,15.0
"1 BHK Flat for Rent in Koramangala, Bangalore",Koramangala,Bengaluru,475.0,1,1,0,Semi-Furnished,42.0,20000.0,42.11
"2 BHK Flat for Rent in Koramangala, Bangalore",Koramangala,Bengaluru,900.0,2,2,0,Semi-Furnished,33.0,30000.0,33.33
2 BHK House for Rent in Koramangala Bangalore,Koramangala,Bengaluru,800.0,2,2,0,Semi-Furnished,50.0,40000.0,50.0
"2 BHK Flat for Rent in Koramangala, Bangalore",Koramangala,Bengaluru,1233.0,2,2,2,Semi-Furnished,41.0,50000.0,40.55
"2 BHK Flat for Rent in Koramangala, Bangalore",Koramangala,Bengaluru,1200.0,2,2,2,Unfurnished,46.0,55000.0,45.83
"3 BHK Flat for Rent in Koramangala, Bangalore",Koramangala,Bengaluru,1436.0,3,2,0,Furnished,52.0,75000.0,52.23
"3 BHK Flat for Rent in Koramangala, Bangalore",Koramangala,Bengaluru,2000.0,3,3,2,Semi-Furnished,40.0,80000.0,40.0
"3 BHK Flat for Rent in Koramangala, Bangalore",Koramangala,Bengaluru,1600.0,3,3,0,Semi-Furnished,50.0,80000.0,50.0
"3 BHK Flat for Rent in Koramangala, Bangalore",Koramangala,Bengaluru,1400.0,3,3,0,Furnished,61.0,85000.0,60.71
"3 BHK Flat for Rent in Koramangala, Bangalore",Koramangala,Bengaluru,1700.0,3,3,0,Furnished,53.0,90000.0,52.94
"3 BHK Flat for Rent in Koramangala, Bangalore",Koramangala,Bengaluru,2291.0,3,4,4,Furnished,48.0,110000.0,48.01
"4 BHK Flat for Rent in Koramangala, Bangalore",Koramangala,Bengaluru,2600.0,4,4,0,Furnished,54.0,140000.0,53.85
"4 BHK Flat for Rent in Koramangala, Bangalore",Koramangala,Bengaluru,1800.0,4,5,0,Semi-Furnished,83.0,150000.0,83.33
"4 BHK Flat for Rent in Koramangala, Bangalore",Koramangala,Bengaluru,3000.0,4,4,3,Semi-Furnished,62.0,190000.0,63.33
"3 BHK Flat for Rent in Koramangala 80 Feet Road, Bangalore",Koramangala 80 Feet Road,Bengaluru,2400.0,3,4,3,Semi-Furnished,52.0,130000.0,54.17
"1 BHK Flat for Rent in Block 4 Koramangala, Bangalore",Koramangala Block 4,Bengaluru,1200.0,1,1,0,Semi-Furnished,43.0,52000.0,43.33
"2 BHK Flat for Rent in Block 4 Koramangala, Bangalore",Koramangala Block 4,Bengaluru,1100.0,2,2,0,Semi-Furnished,38.0,42000.0,38.18
"3 BHK Flat for Rent in Block 4 Koramangala, Bangalore",Koramangala Block 4,Bengaluru,1800.0,3,3,0,Semi-Furnished,50.0,90000.0,50.0
"3 BHK Flat for Rent in Block 4 Koramangala, Bangalore",Koramangala Block 4,Bengaluru,1800.0,3,3,2,Semi-Furnished,67.0,120000.0,66.67
"3 BHK House for Rent in Kothnoor Dinne, JP Nagar Phase 8 Bangalore",Kothnoor Dinne,Bengaluru,1200.0,3,2,0,Semi-Furnished,29.0,35000.0,29.17
1 BHK House for Rent in Kothnur Bangalore,Kothnur,Bengaluru,450.0,1,1,0,Unfurnished,18.0,8000.0,17.78
2 BHK House for Rent in Kothnur Bangalore,Kothnur,Bengaluru,1100.0,2,2,0,Furnished,22.0,24000.0,21.82
4 BHK Villa for Rent in Kudlu Bangalore,Kudlu,Bengaluru,3200.0,4,4,0,Furnished,31.0,100000.0,31.25
2 BHK House for Rent in Kudlu Gate Bangalore,Kudlu Gate,Bengaluru,900.0,2,2,0,Semi-Furnished,20.0,18000.0,20.0
"2 BHK Flat for Rent in Kudlu Gate, Bangalore",Kudlu Gate,Bengaluru,945.0,2,2,0,Semi-Furnished,53.0,50000.0,52.91
"3 BHK Flat for Rent in Kudlu Gate, Bangalore",Kudlu Gate,Bengaluru,1250.0,3,2,0,Semi-Furnished,44.0,55000.0,44.0
"3 BHK Flat for Rent in Kudlu Gate, Bangalore",Kudlu Gate,Bengaluru,1560.0,3,2,0,Semi-Furnished,38.0,60000.0,38.46
"3 BHK Flat for Rent in Kudlu Gate, Bangalore",Kudlu Gate,Bengaluru,1850.0,3,3,2,Semi-Furnished,38.0,70000.0,37.84
"5 BHK Flat for Rent in Kumara Park West, Kumara Park West, Bangalore",Kumara Park West,Bengaluru,4500.0,5,6,3,Semi-Furnished,30.0,140000.0,31.11
"1 BHK House for Rent in Kumaraswamy Layout, Kumaraswamy Layout Bangalore",Kumaraswamy Layout,Bengaluru,600.0,1,1,0,Semi-Furnished,20.0,12000.0,20.0
"2 BHK House for Rent in Kumaraswamy Layout, Kumaraswamy Layout Bangalore",Kumaraswamy Layout,Bengaluru,600.0,2,1,0,Semi-Furnished,20.0,12000.0,20.0
"2 BHK Flat for Rent in Kumbalgodu, Bangalore",Kumbalgodu,Bengaluru,988.0,2,2,0,Semi-Furnished,23.0,23000.0,23.28
"1 BHK Flat for Rent in Kundalahalli, Brookefield, Bangalore",Kundalahalli,Bengaluru,500.0,1,1,0,Semi-Furnished,25.0,12500.0,25.0
"3 BHK Flat for Rent in Kundalahalli, Brookefield, Bangalore",Kundalahalli,Bengaluru,1647.0,3,3,2,Semi-Furnished,28.0,46000.0,27.93
"3 BHK Flat for Rent in Kundalahalli, Brookefield, Bangalore",Kundalahalli,Bengaluru,1388.0,3,3,2,Semi-Furnished,43.0,60000.0,43.23
"3 BHK Flat for Rent in Kundalahalli, Brookefield, Bangalore",Kundalahalli,Bengaluru,2232.0,3,3,2,Semi-Furnished,58.0,130000.0,58.24
"5 BHK Villa for Rent in Kundalahalli, Brookefield Bangalore",Kundalahalli,Bengaluru,6000.0,5,3,3,Furnished,33.0,200000.0,33.33
"8 BHK Villa for Rent in Kundalahalli, Brookefield Bangalore",Kundalahalli,Bengaluru,3000.0,8,8,5,Semi-Furnished,42.0,130000.0,43.33
"1 BHK Flat for Rent in Kundalahalli Colony, Brookefield, Bangalore",Kundalahalli Colony,Bengaluru,800.0,1,1,0,Unfurnished,26.0,21000.0,26.25
1 BHK House for Rent in Laggere Bangalore,Laggere,Bengaluru,300.0,1,1,0,Unfurnished,18.0,5500.0,18.33
"1 BHK Flat for Rent in Lakshminarayana Pura, Marathahalli, Bangalore",Lakshminarayana Pura,Bengaluru,300.0,1,1,0,Furnished,60.0,18000.0,60.0
"3 BHK Flat for Rent in Lakshmipura, Bangalore",Lakshmipura,Bengaluru,1700.0,3,3,2,Semi-Furnished,15.0,26000.0,15.29
"3 BHK Flat for Rent in Lavakusha Nagar, Bangalore",Lavakusha Nagar,Bengaluru,1096.0,3,3,2,Furnished,33.0,36000.0,32.85
"2 BHK Flat for Rent in Laxmi Sagar Layout, Mahadevapura, Bangalore",Laxmi Sagar Layout,Bengaluru,1130.0,2,2,2,Semi-Furnished,42.0,47000.0,41.59
"3 BHK Villa for Rent in Laxmi Sagar Layout, Mahadevapura Bangalore",Laxmi Sagar Layout,Bengaluru,2024.0,3,3,3,Semi-Furnished,40.0,80000.0,39.53
2 BHK House for Rent in LBS Nagar Kaggadasapura Bangalore,Lbs Nagar,Bengaluru,1200.0,2,2,3,Semi-Furnished,19.0,23000.0,19.17
"2 BHK Flat for Rent in LBS Nagar Kaggadasapura, Bangalore",Lbs Nagar,Bengaluru,900.0,2,2,2,Unfurnished,28.0,25000.0,27.78
4 BHK House for Rent in LBS Nagar Kaggadasapura Bangalore,Lbs Nagar,Bengaluru,2200.0,4,4,0,Semi-Furnished,20.0,45000.0,20.45
"1 BHK House for Rent in Lingarajapuram, Lingarajapuram, Hennur Main Road Bangalore",Lingarajapuram,Bengaluru,550.0,1,1,0,Semi-Furnished,18.0,10000.0,18.18
"1 BHK House for Rent in Lingarajapuram, Lingarajapuram, Hennur Main Road Bangalore",Lingarajapuram,Bengaluru,850.0,1,2,0,Semi-Furnished,15.0,13000.0,15.29
"2 BHK Villa for Rent in Lingarajapuram, Lingarajapuram, Hennur Main Road Bangalore",Lingarajapuram,Bengaluru,900.0,2,2,0,Semi-Furnished,22.0,20000.0,22.22
"2 BHK Villa for Rent in Lingarajapuram, Lingarajapuram, Hennur Main Road Bangalore",Lingarajapuram,Bengaluru,900.0,2,1,0,Unfurnished,22.0,20000.0,22.22
"3 BHK House for Rent in Lingarajapuram, Lingarajapuram, Hennur Main Road Bangalore",Lingarajapuram,Bengaluru,1200.0,3,2,0,Semi-Furnished,23.0,28000.0,23.33
1 BHK House for Rent in Madavara Bangalore,Madavara,Bengaluru,560.0,1,1,0,Semi-Furnished,11.0,6000.0,10.71
2 BHK House for Rent in Madhuranagara Bangalore,Madhuranagara,Bengaluru,950.0,2,2,0,Semi-Furnished,20.0,19000.0,20.0
1 BHK House for Rent in Mahadevapura Bangalore,Mahadevapura,Bengaluru,200.0,1,1,0,Semi-Furnished,50.0,10000.0,50.0
1 BHK House for Rent in Mahadevapura Bangalore,Mahadevapura,Bengaluru,400.0,1,1,0,Semi-Furnished,35.0,14000.0,35.0
1 BHK House for Rent in Mahadevapura Bangalore,Mahadevapura,Bengaluru,500.0,1,1,0,Semi-Furnished,37.0,18500.0,37.0
"1 BHK Flat for Rent in Mahadevapura, Bangalore",Mahadevapura,Bengaluru,400.0,1,1,0,Furnished,70.0,28000.0,70.0
2 BHK House for Rent in Mahadevapura Bangalore,Mahadevapura,Bengaluru,800.0,2,2,0,Semi-Furnished,31.0,25000.0,31.25
"2 BHK Flat for Rent in Mahadevapura, Bangalore",Mahadevapura,Bengaluru,1070.0,2,2,0,Semi-Furnished,32.0,34000.0,31.78
"2 BHK Flat for Rent in Mahadevapura, Bangalore",Mahadevapura,Bengaluru,1000.0,2,2,0,Unfurnished,42.0,42000.0,42.0
"2 BHK Flat for Rent in Mahadevapura, Bangalore",Mahadevapura,Bengaluru,1280.0,2,2,2,Semi-Furnished,38.0,48000.0,37.5
"3 BHK Flat for Rent in Mahadevapura, Bangalore",Mahadevapura,Bengaluru,1602.0,3,2,2,Semi-Furnished,41.0,65000.0,40.57
"4 BHK Flat for Rent in Mahadevapura, Bangalore",Mahadevapura,Bengaluru,2000.0,4,3,4,Semi-Furnished,42.0,85000.0,42.5
1 BHK House for Rent in Mahadevapura Layout Bangalore,Mahadevapura Layout,Bengaluru,600.0,1,1,2,Semi-Furnished,28.0,16500.0,27.5
"3 BHK Flat for Rent in Mahalakshmipuram Layout, Mahalakshmipuram, Bangalore",Mahalakshmipuram Layout,Bengaluru,1550.0,3,3,3,Semi-Furnished,35.0,55000.0,35.48
"3 BHK Flat for Rent in Mahalakshmipuram Layout, Mahalakshmipuram, Bangalore",Mahalakshmipuram Layout,Bengaluru,2000.0,3,3,2,Semi-Furnished,30.0,60000.0,30.0
"3 BHK Flat for Rent in Mahatma Gandhi Nagar, Basaveshvara Nagar, Bangalore",Mahatma Gandhi Nagar,Bengaluru,1545.0,3,3,2,Semi-Furnished,55.0,85000.0,55.02
"3 BHK Flat for Rent in Mahatma Gandhi Nagar, Basaveshvara Nagar, Bangalore",Mahatma Gandhi Nagar,Bengaluru,1400.0,3,3,2,Furnished,64.0,90000.0,64.29
"2 BHK Flat for Rent in Mahatma Gandhi Road, Bangalore",Mahatma Gandhi Road,Bengaluru,1000.0,2,2,0,Semi-Furnished,60.0,60000.0,60.0
"3 BHK Flat for Rent in Maithri Layout, Bangalore",Maithri Layout,Bengaluru,1100.0,3,2,2,Semi-Furnished,27.0,30000.0,27.27
"3 BHK Flat for Rent in Mallasandra Village, T Dasarahalli, Bangalore",Mallasandra Village,Bengaluru,1321.0,3,2,0,Furnished,38.0,50000.0,37.85
"2 BHK House for Rent in Mallathahalli, Outer Ring Road Bangalore",Mallathahalli,Bengaluru,800.0,2,2,0,Semi-Furnished,24.0,19500.0,24.38
"2 BHK Flat for Rent in Malleshpalya, Kaggadasapura, Bangalore",Malleshpalya,Bengaluru,1200.0,2,2,2,Semi-Furnished,11.0,13000.0,10.83
"2 BHK House for Rent in Malleshpalya, Kaggadasapura Bangalore",Malleshpalya,Bengaluru,1200.0,2,2,0,Semi-Furnished,18.0,21000.0,17.5
"1 BHK Flat for Rent in Malleshpalya Main Road, Bangalore",Malleshpalya Main Road,Bengaluru,1200.0,1,1,0,Semi-Furnished,11.0,13000.0,10.83
"2 BHK Flat for Rent in Malleshpalya Main Road, Bangalore",Malleshpalya Main Road,Bengaluru,1180.0,2,2,2,Semi-Furnished,29.0,34000.0,28.81
"1 BHK Flat for Rent in Malleshwaram, Bangalore",Malleshwaram,Bengaluru,800.0,1,1,0,Semi-Furnished,31.0,25000.0,31.25
2 BHK House for Rent in Malleshwaram Bangalore,Malleshwaram,Bengaluru,1100.0,2,1,0,Unfurnished,11.0,12000.0,10.91
"3 BHK Flat for Rent in Malleshwaram, Bangalore",Malleshwaram,Bengaluru,1800.0,3,3,3,Semi-Furnished,28.0,50000.0,27.78
"3 BHK Flat for Rent in Malleshwaram, Bangalore",Malleshwaram,Bengaluru,2215.0,3,3,2,Semi-Furnished,32.0,70000.0,31.6
"4 BHK Flat for Rent in Malleshwaram, Bangalore",Malleshwaram,Bengaluru,2500.0,4,5,0,Furnished,70.0,180000.0,72.0
"1 BHK House for Rent in Mangammanapalya, Hosur Road Bangalore",Mangammanapalya,Bengaluru,500.0,1,1,0,Semi-Furnished,20.0,10000.0,20.0
2 BHK House for Rent in Manganahalli Bangalore,Manganahalli,Bengaluru,624.0,2,1,0,Semi-Furnished,23.0,14500.0,23.24
1 BHK House for Rent in Manjunatha Layout Munnekollal Bangalore,Manjunatha Layout Munnekollal,Bengaluru,600.0,1,1,0,Semi-Furnished,22.0,13000.0,21.67
2 BHK House for Rent in Manjunatha Nagar Kalkere Bangalore,Manjunatha Nagar Kalkere,Bengaluru,1200.0,2,2,0,Semi-Furnished,25.0,30000.0,25.0
"3 BHK Flat for Rent in Manorayana Palya, Bangalore",Manorayana Palya,Bengaluru,1370.0,3,2,0,Furnished,16.0,22000.0,16.06
"4 BHK Flat for Rent in Manyata Residency, Thanisandra, Bangalore",Manyata Residency,Bengaluru,3100.0,4,5,2,Semi-Furnished,37.0,110000.0,35.48
"1 BHK Flat for Rent in Manayata Tech Park, Bangalore",Manyata Tech Park,Bengaluru,950.0,1,1,0,Semi-Furnished,26.0,25000.0,26.32
"1 BHK Flat for Rent in Manayata Tech Park, Bangalore",Manyata Tech Park,Bengaluru,690.0,1,1,0,Unfurnished,58.0,40000.0,57.97
"2 BHK Flat for Rent in Manayata Tech Park, Bangalore",Manyata Tech Park,Bengaluru,750.0,2,2,0,Semi-Furnished,21.0,15500.0,20.67
"2 BHK Flat for Rent in Manayata Tech Park, Bangalore",Manyata Tech Park,Bengaluru,800.0,2,2,2,Unfurnished,38.0,30000.0,37.5
"2 BHK Flat for Rent in Manayata Tech Park, Bangalore",Manyata Tech Park,Bengaluru,990.0,2,2,0,Semi-Furnished,42.0,42000.0,42.42
"2 BHK Flat for Rent in Manayata Tech Park, Bangalore",Manyata Tech Park,Bengaluru,876.0,2,2,0,Furnished,48.0,42000.0,47.95
"2 BHK Flat for Rent in Manyata Tech Park Road, Bangalore",Manyata Tech Park Road,Bengaluru,1050.0,2,2,0,Semi-Furnished,21.0,22000.0,20.95
1 BHK House for Rent in Marathahalli Bangalore,Marathahalli,Bengaluru,200.0,1,1,0,Semi-Furnished,50.0,10000.0,50.0
"1 BHK Flat for Rent in Marathahalli, Bangalore",Marathahalli,Bengaluru,450.0,1,1,0,Unfurnished,31.0,14000.0,31.11
"1 BHK Flat for Rent in Marathahalli, Bangalore",Marathahalli,Bengaluru,500.0,1,1,0,Semi-Furnished,36.0,18000.0,36.0
"2 BHK Flat for Rent in Marathahalli, Bangalore",Marathahalli,Bengaluru,670.0,2,2,0,Semi-Furnished,33.0,22000.0,32.84
"2 BHK Flat for Rent in Marathahalli, Bangalore",Marathahalli,Bengaluru,800.0,2,1,0,Semi-Furnished,29.0,23000.0,28.75
"2 BHK Flat for Rent in Marathahalli, Bangalore",Marathahalli,Bengaluru,1263.0,2,2,0,Unfurnished,18.0,23000.0,18.21
2 BHK House for Rent in Marathahalli Bangalore,Marathahalli,Bengaluru,800.0,2,2,0,Semi-Furnished,31.0,25000.0,31.25
"2 BHK Flat for Rent in Marathahalli, Bangalore",Marathahalli,Bengaluru,1200.0,2,2,2,Semi-Furnished,28.0,33000.0,27.5
"2 BHK Flat for Rent in Marathahalli, Bangalore",Marathahalli,Bengaluru,960.0,2,2,2,Semi-Furnished,36.0,35000.0,36.46
"2 BHK Flat for Rent in Marathahalli, Bangalore",Marathahalli,Bengaluru,1130.0,2,2,0,Semi-Furnished,31.0,35000.0,30.97
"2 BHK Flat for Rent in Marathahalli, Bangalore",Marathahalli,Bengaluru,1180.0,2,2,2,Semi-Furnished,32.0,38000.0,32.2
"2 BHK Flat for Rent in Marathahalli, Bangalore",Marathahalli,Bengaluru,1045.0,2,2,2,Semi-Furnished,36.0,38000.0,36.36
"2 BHK Flat for Rent in Marathahalli, Bangalore",Marathahalli,Bengaluru,1400.0,2,2,0,Furnished,29.0,40000.0,28.57
"2 BHK Flat for Rent in Marathahalli, Bangalore",Marathahalli,Bengaluru,1144.0,2,2,2,Unfurnished,37.0,42000.0,36.71
"2 BHK Flat for Rent in Marathahalli, Bangalore",Marathahalli,Bengaluru,1250.0,2,2,2,Unfurnished,35.0,44000.0,35.2
"2 BHK Flat for Rent in Marathahalli, Bangalore",Marathahalli,Bengaluru,1365.0,2,2,0,Furnished,48.0,65000.0,47.62
"3 BHK Flat for Rent in Marathahalli, Bangalore",Marathahalli,Bengaluru,1429.0,3,3,3,Unfurnished,40.0,57000.0,39.89
"3 BHK Flat for Rent in Marathahalli, Bangalore",Marathahalli,Bengaluru,1580.0,3,3,3,Semi-Furnished,38.0,60000.0,37.97
"3 BHK Flat for Rent in Marathahalli, Bangalore",Marathahalli,Bengaluru,1000.0,3,2,2,Semi-Furnished,60.0,60000.0,60.0
"3 BHK Flat for Rent in Marathahalli, Bangalore",Marathahalli,Bengaluru,1590.0,3,2,0,Semi-Furnished,41.0,65000.0,40.88
"3 BHK Flat for Rent in Marathahalli, Bangalore",Marathahalli,Bengaluru,1760.0,3,3,2,Semi-Furnished,44.0,77000.0,43.75
"3 BHK Flat for Rent in Marathahalli, Bangalore",Marathahalli,Bengaluru,1950.0,3,3,0,Semi-Furnished,64.0,130000.0,66.67
"4 BHK Flat for Rent in Marathahalli, Bangalore",Marathahalli,Bengaluru,3650.0,4,4,3,Semi-Furnished,28.0,100000.0,27.4
4 BHK Villa for Rent in Marathahalli Bangalore,Marathahalli,Bengaluru,2800.0,4,4,2,Semi-Furnished,43.0,120000.0,42.86
4 BHK Villa for Rent in Marathahalli Bangalore,Marathahalli,Bengaluru,4124.0,4,4,0,Semi-Furnished,42.0,180000.0,43.65
"3 BHK Flat for Rent in Marathahalli Sarjapur Outer Ring Road, Bangalore",Marathahalli Sarjapur Outer Ring Road,Bengaluru,2015.0,3,3,3,Semi-Furnished,50.0,100000.0,49.63
"1 BHK Flat for Rent in Marathahalli Village, Marathahalli, Bangalore",Marathahalli Village,Bengaluru,500.0,1,1,0,Semi-Furnished,20.0,10000.0,20.0
"5 BHK Flat for Rent in Marathahalli Village, Marathahalli, Bangalore",Marathahalli Village,Bengaluru,4800.0,5,6,5,Semi-Furnished,46.0,220000.0,45.83
"1 BHK House for Rent in Marenahalli - Vijaynagar, West Of Chord Road Bangalore",Marenahalli - Vijaynagar,Bengaluru,600.0,1,1,0,Unfurnished,13.0,7500.0,12.5
"3 BHK Flat for Rent in Marenahalli - Vijaynagar, West Of Chord Road, Bangalore",Marenahalli - Vijaynagar,Bengaluru,1250.0,3,2,0,Semi-Furnished,18.0,23000.0,18.4
2 BHK House for Rent in Margondanahalli Bangalore,Margondanahalli,Bengaluru,600.0,2,1,0,Semi-Furnished,11.0,6500.0,10.83
2 BHK House for Rent in Margondanahalli Bangalore,Margondanahalli,Bengaluru,800.0,2,2,2,Semi-Furnished,10.0,8000.0,10.0
2 BHK House for Rent in Margondanahalli Bangalore,Margondanahalli,Bengaluru,570.0,2,2,0,Semi-Furnished,15.0,8500.0,14.91
2 BHK House for Rent in Margondanahalli Bangalore,Margondanahalli,Bengaluru,1000.0,2,2,0,Semi-Furnished,14.0,14000.0,14.0
2 BHK House for Rent in Margondanahalli Bangalore,Margondanahalli,Bengaluru,830.0,2,2,0,Semi-Furnished,18.0,15000.0,18.07
2 BHK House for Rent in Margondanahalli Bangalore,Margondanahalli,Bengaluru,1200.0,2,2,0,Unfurnished,15.0,18000.0,15.0
"2 BHK Flat for Rent in Maruthi Nagar Attiguppe, Bangalore",Maruthi Nagar Attiguppe,Bengaluru,800.0,2,2,0,Semi-Furnished,30.0,24000.0,30.0
"4 BHK Flat for Rent in Maruthi Nagar Dasarahalli, Bangalore",Maruthi Nagar Dasarahalli,Bengaluru,2160.0,4,4,0,Furnished,35.0,75000.0,34.72
4 BHK Villa for Rent in Maruthi Nagar Yelahanka Bangalore,Maruthi Nagar Yelahanka,Bengaluru,4350.0,4,4,0,Semi-Furnished,55.0,240000.0,55.17
1 BHK House for Rent in Maruti Nagar Devinagar Bangalore,Maruti Nagar,Bengaluru,700.0,1,1,0,Semi-Furnished,9.0,6500.0,9.29
1 BHK House for Rent in Matadahalli Bangalore,Matadahalli,Bengaluru,300.0,1,1,0,Semi-Furnished,22.0,6500.0,21.67
2 BHK House for Rent in Mathikere Bangalore,Mathikere,Bengaluru,850.0,2,2,0,Furnished,29.0,25000.0,29.41
"3 BHK House for Rent in Mathikere Extension, Mathikere Bangalore",Mathikere Extension,Bengaluru,2200.0,3,2,0,Semi-Furnished,16.0,36000.0,16.36
2 BHK House for Rent in Mathrushree Layout Doddamuniswamy Reddy Layout Bangalore,Mathrushree Layout Doddamuniswamy Reddy Layout,Bengaluru,600.0,2,2,0,Semi-Furnished,25.0,15000.0,25.0
1 BHK House for Rent in Mavalli Bangalore,Mavalli,Bengaluru,550.0,1,1,0,Semi-Furnished,25.0,14000.0,25.45
2 BHK House for Rent in MC Layout Bangalore,Mc Layout,Bengaluru,1000.0,2,2,0,Semi-Furnished,24.0,24000.0,24.0
"2 BHK House for Rent in Mcechs Layout, Jakkuru Bangalore",Mcechs Layout,Bengaluru,900.0,2,2,0,Semi-Furnished,39.0,35000.0,38.89
2 BHK House for Rent in Medahalli Bangalore,Medahalli,Bengaluru,800.0,2,1,0,Unfurnished,8.0,6500.0,8.12
2 BHK House for Rent in Medahalli Bangalore,Medahalli,Bengaluru,750.0,2,1,0,Unfurnished,17.0,13000.0,17.33
2 BHK House for Rent in Medahalli Bangalore,Medahalli,Bengaluru,900.0,2,2,2,Unfurnished,20.0,18000.0,20.0
2 BHK House for Rent in Medahalli Bangalore,Medahalli,Bengaluru,300.0,2,2,0,Semi-Furnished,83.0,25000.0,83.33
2 BHK House for Rent in Medi Agrahara Bangalore,Medi Agrahara,Bengaluru,900.0,2,1,0,Semi-Furnished,11.0,10000.0,11.11
"2 BHK Flat for Rent in Meenakshi Layout Choodasandra, Bangalore",Meenakshi Layout Choodasandra,Bengaluru,800.0,2,2,0,Semi-Furnished,20.0,16000.0,20.0
"3 BHK Flat for Rent in Meenakshi Layout Choodasandra, Bangalore",Meenakshi Layout Choodasandra,Bengaluru,1300.0,3,2,2,Unfurnished,35.0,45800.0,35.23
1 BHK House for Rent in Michael Palaya Bangalore,Michael Palya,Bengaluru,350.0,1,1,0,Semi-Furnished,24.0,8500.0,24.29
1 BHK House for Rent in Mico Layout Hongasandra Bangalore,Mico Layout,Bengaluru,400.0,1,1,0,Unfurnished,45.0,18000.0,45.0
2 BHK House for Rent in Mico Layout Hongasandra Bangalore,Mico Layout,Bengaluru,850.0,2,2,2,Furnished,19.0,16000.0,18.82
"3 BHK Flat for Rent in Bellahalli, Bangalore",Mitganahalli,Bengaluru,950.0,3,3,0,Semi-Furnished,29.0,28000.0,29.47
2 BHK House for Rent in MKS Layout Bangalore,Mks Layout,Bengaluru,1000.0,2,2,0,Semi-Furnished,25.0,25000.0,25.0
2 BHK House for Rent in Mudalapalya Bangalore,Moodalapalya,Bengaluru,900.0,2,2,0,Semi-Furnished,16.0,14000.0,15.56
"2 BHK House for Rent in Ms Palya, Vidyaranyapura Bangalore",Ms Palya,Bengaluru,800.0,2,1,0,Semi-Furnished,16.0,12500.0,15.62
"2 BHK Flat for Rent in Ms Ramaiah City Layout, Arakere, Bangalore",Ms Ramaiah City Layout,Bengaluru,850.0,2,2,0,Semi-Furnished,21.0,18000.0,21.18
"1 BHK Flat for Rent in Mullur, Bangalore",Mullur,Bengaluru,550.0,1,1,0,Semi-Furnished,24.0,13000.0,23.64
2 BHK House for Rent in Mullur Bangalore,Mullur,Bengaluru,1000.0,2,2,0,Semi-Furnished,25.0,25000.0,25.0
2 BHK House for Rent in Mullur Bangalore,Mullur,Bengaluru,1000.0,2,2,2,Semi-Furnished,28.0,28000.0,28.0
"2 BHK House for Rent in Munikalappa Layout, Jalahalli East Bangalore",Munikalappa Layout,Bengaluru,900.0,2,2,0,Semi-Furnished,27.0,24000.0,26.67
"1 BHK Flat for Rent in Munireddy Layout Konanakunte, Bangalore",Munireddy Layout,Bengaluru,700.0,1,1,0,Unfurnished,13.0,9000.0,12.86
1 BHK House for Rent in Munnekollal Bangalore,Munnekollal,Bengaluru,600.0,1,1,0,Semi-Furnished,17.0,10000.0,16.67
"1 BHK Flat for Rent in Munnekollal, Bangalore",Munnekollal,Bengaluru,400.0,1,1,0,Semi-Furnished,29.0,11500.0,28.75
1 BHK House for Rent in Munnekollal Bangalore,Munnekollal,Bengaluru,400.0,1,1,0,Semi-Furnished,35.0,14000.0,35.0
1 BHK House for Rent in Munnekollal Bangalore,Munnekollal,Bengaluru,500.0,1,1,0,Semi-Furnished,28.0,14000.0,28.0
"1 BHK Flat for Rent in Munnekollal, Bangalore",Munnekollal,Bengaluru,400.0,1,1,0,Semi-Furnished,35.0,14000.0,35.0
"1 BHK Flat for Rent in Munnekollal, Bangalore",Munnekollal,Bengaluru,450.0,1,1,0,Semi-Furnished,38.0,17000.0,37.78
1 BHK House for Rent in Munnekollal Bangalore,Munnekollal,Bengaluru,500.0,1,1,0,Unfurnished,36.0,18000.0,36.0
2 BHK House for Rent in Munnekollal Bangalore,Munnekollal,Bengaluru,750.0,2,1,0,Semi-Furnished,25.0,19000.0,25.33
"2 BHK Flat for Rent in Munnekollal, Bangalore",Munnekollal,Bengaluru,800.0,2,2,0,Furnished,38.0,30000.0,37.5
2 BHK House for Rent in Munnekollal Bangalore,Munnekollal,Bengaluru,1150.0,2,2,2,Unfurnished,30.0,34000.0,29.57
"3 BHK Flat for Rent in Munnekollal, Bangalore",Munnekollal,Bengaluru,2000.0,3,2,0,Unfurnished,20.0,40000.0,20.0
1 BHK House for Rent in Murgesh Pallya Bangalore,Murugeshpalya,Bengaluru,600.0,1,1,0,Unfurnished,20.0,12000.0,20.0
1 BHK House for Rent in Murgesh Pallya Bangalore,Murugeshpalya,Bengaluru,600.0,1,1,0,Unfurnished,37.0,22000.0,36.67
"2 BHK Flat for Rent in Murgesh Pallya, Bangalore",Murugeshpalya,Bengaluru,1170.0,2,2,2,Unfurnished,28.0,33000.0,28.21
"3 BHK Flat for Rent in Murgesh Pallya, Bangalore",Murugeshpalya,Bengaluru,1382.0,3,3,0,Furnished,35.0,48000.0,34.73
"3 BHK Flat for Rent in Murgesh Pallya, Bangalore",Murugeshpalya,Bengaluru,1800.0,3,3,3,Semi-Furnished,50.0,90000.0,50.0
5 BHK Villa for Rent in Muthanallur Bangalore,Muthanallur,Bengaluru,3500.0,5,5,0,Semi-Furnished,37.0,130000.0,37.14
2 BHK House for Rent in Mysore Road Bangalore,Mysore Road,Bengaluru,1200.0,2,2,0,Unfurnished,5.0,6000.0,5.0
"3 BHK Flat for Rent in Mysore Road, Bangalore",Mysore Road,Bengaluru,900.0,3,2,0,Unfurnished,17.0,15000.0,16.67
"3 BHK Flat for Rent in Mysore Road, Bangalore",Mysore Road,Bengaluru,1425.0,3,2,2,Semi-Furnished,26.0,37000.0,25.96
1 BHK House for Rent in Naganathapura Rayasandra Bangalore,Naganathapura,Bengaluru,450.0,1,1,0,Unfurnished,18.0,7900.0,17.56
"2 BHK Flat for Rent in Naganathapura Rayasandra, Bangalore",Naganathapura,Bengaluru,900.0,2,2,0,Semi-Furnished,17.0,15000.0,16.67
"2 BHK Flat for Rent in Naganathapura Rayasandra, Bangalore",Naganathapura,Bengaluru,1250.0,2,2,2,Semi-Furnished,26.0,33000.0,26.4
"3 BHK Flat for Rent in Naganathapura Rayasandra, Bangalore",Naganathapura,Bengaluru,1500.0,3,3,0,Semi-Furnished,22.0,33000.0,22.0
"3 BHK Flat for Rent in Naganathapura Rayasandra, Bangalore",Naganathapura,Bengaluru,1150.0,3,3,0,Semi-Furnished,30.0,35000.0,30.43
5 BHK House for Rent in Nagapura Bangalore,Nagapura,Bengaluru,2500.0,5,4,0,Unfurnished,32.0,80000.0,32.0
2 BHK House for Rent in Naagarabhaavi Bangalore,Nagarbhavi,Bengaluru,700.0,2,1,2,Semi-Furnished,11.0,8000.0,11.43
"2 BHK Flat for Rent in Naagarabhaavi, Bangalore",Nagarbhavi,Bengaluru,750.0,2,1,0,Semi-Furnished,11.0,8000.0,10.67
"2 BHK Flat for Rent in Nagasandra, Bangalore",Nagasandra,Bengaluru,868.0,2,2,0,Semi-Furnished,40.0,35000.0,40.32
"3 BHK Flat for Rent in Nagasandra, Bangalore",Nagasandra,Bengaluru,1187.0,3,3,2,Unfurnished,35.0,42000.0,35.38
"4 BHK Flat for Rent in Nagasandra Main Road, Bangalore",Nagasandra Main Road,Bengaluru,2150.0,4,4,2,Semi-Furnished,33.0,71000.0,33.02
2 BHK House for Rent in Nagavara Bangalore,Nagavara,Bengaluru,600.0,2,1,0,Semi-Furnished,14.0,8500.0,14.17
3 BHK House for Rent in Nagavara Bangalore,Nagavara,Bengaluru,1400.0,3,2,0,Semi-Furnished,25.0,35000.0,25.0
"3 BHK Flat for Rent in Nagavara, Bangalore",Nagavara,Bengaluru,2600.0,3,3,3,Semi-Furnished,25.0,65000.0,25.0
"3 BHK Flat for Rent in Nagavara, Bangalore",Nagavara,Bengaluru,2450.0,3,4,0,Semi-Furnished,35.0,85000.0,34.69
"4 BHK Flat for Rent in Nagavara, Bangalore",Nagavara,Bengaluru,2600.0,4,4,0,Semi-Furnished,23.0,60000.0,23.08
"4 BHK Flat for Rent in Nagavara, Bangalore",Nagavara,Bengaluru,2900.0,4,5,4,Semi-Furnished,31.0,90000.0,31.03
2 BHK House for Rent in Nagdevanahalli Bangalore,Nagdevanahalli,Bengaluru,850.0,2,2,0,Unfurnished,18.0,15000.0,17.65
"3 BHK Flat for Rent in Nagdevanahalli, Bangalore",Nagdevanahalli,Bengaluru,1240.0,3,2,2,Semi-Furnished,20.0,25000.0,20.16
"1 BHK Flat for Rent in Nagegowdanapalya, Bangalore",Nagegowdanapalya,Bengaluru,390.0,1,1,0,Furnished,64.0,25000.0,64.1
3 BHK Villa for Rent in Nagegowdanapalya Bangalore,Nagegowdanapalya,Bengaluru,2200.0,3,3,0,Semi-Furnished,20.0,45000.0,20.45
1 BHK House for Rent in Nagondanahalli Bangalore,Nagondanahalli,Bengaluru,550.0,1,1,0,Furnished,27.0,15000.0,27.27
"3 BHK Flat for Rent in Naidu Layout Electronic City, Bangalore",Naidu Layout Electronic City,Bengaluru,1195.0,3,3,2,Semi-Furnished,46.0,55000.0,46.03
"1 BHK Flat for Rent in Nallurhalli, Whitefield, Borewell Road, Bangalore",Nallurhalli,Bengaluru,550.0,1,1,0,Semi-Furnished,37.0,20500.0,37.27
"2 BHK Flat for Rent in Nallurhalli, Whitefield, Borewell Road, Bangalore",Nallurhalli,Bengaluru,1260.0,2,2,0,Semi-Furnished,28.0,35000.0,27.78
4 BHK Villa for Rent in Nandi Hills Bangalore,Nandi Hills,Bengaluru,7900.0,4,5,2,Furnished,61.0,480000.0,60.76
3 BHK House for Rent in Nandini Layout Bangalore,Nandini Layout,Bengaluru,1500.0,3,3,0,Unfurnished,19.0,28000.0,18.67
1 BHK House for Rent in Nanjappa Layout Adugodi Bangalore,Nanjappa Layout Adugodi,Bengaluru,500.0,1,1,0,Unfurnished,26.0,13000.0,26.0
3 BHK Villa for Rent in Narayanaghatta Bangalore,Narayanaghatta,Bengaluru,1885.0,3,3,2,Semi-Furnished,29.0,55000.0,29.18
1 BHK House for Rent in Nayanda Halli Bangalore,Nayandahalli,Bengaluru,800.0,1,1,0,Semi-Furnished,8.0,6000.0,7.5
"1 BHK Flat for Rent in Neeladri Nagar, Bangalore",Neeladri Nagar,Bengaluru,525.0,1,1,0,Semi-Furnished,30.0,15500.0,29.52
2 BHK House for Rent in Neeladri Nagar Bangalore,Neeladri Nagar,Bengaluru,550.0,2,2,0,Semi-Furnished,22.0,12000.0,21.82
"2 BHK Flat for Rent in Neeladri Nagar, Bangalore",Neeladri Nagar,Bengaluru,980.0,2,2,0,Furnished,22.0,22000.0,22.45
"2 BHK Flat for Rent in Neeladri Nagar, Bangalore",Neeladri Nagar,Bengaluru,1200.0,2,2,0,Furnished,20.0,24000.0,20.0
"2 BHK Flat for Rent in Neeladri Nagar, Bangalore",Neeladri Nagar,Bengaluru,1080.0,2,2,0,Semi-Furnished,23.0,25000.0,23.15
"2 BHK Flat for Rent in Neeladri Nagar, Bangalore",Neeladri Nagar,Bengaluru,900.0,2,2,3,Semi-Furnished,38.0,34000.0,37.78
"3 BHK Flat for Rent in Neeladri Nagar, Bangalore",Neeladri Nagar,Bengaluru,1845.0,3,3,3,Semi-Furnished,24.0,45000.0,24.39
1 BHK House for Rent in Neelasandra Bangalore,Neelasandra,Bengaluru,600.0,1,1,0,Semi-Furnished,13.0,8000.0,13.33
"2 BHK Flat for Rent in Nehru Nagar, Bangalore",Nehru Nagar,Bengaluru,1375.0,2,2,0,Semi-Furnished,29.0,40000.0,29.09
"3 BHK Flat for Rent in Nehru Nagar, Bangalore",Nehru Nagar,Bengaluru,1568.0,3,3,0,Furnished,32.0,50000.0,31.89
2 BHK House for Rent in Nelamangala Town Bangalore,Nelamangala,Bengaluru,600.0,2,1,0,Unfurnished,12.0,7000.0,11.67
"2 BHK Flat for Rent in Nelamangala Town, Bangalore",Nelamangala,Bengaluru,810.0,2,2,2,Semi-Furnished,10.0,8000.0,9.88
"2 BHK Flat for Rent in Kempegowda International Airport Road, Bangalore",New International Airport Road,Bengaluru,950.0,2,2,0,Semi-Furnished,19.0,18000.0,18.95
"2 BHK Flat for Rent in Kempegowda International Airport Road, Bangalore",New International Airport Road,Bengaluru,1143.0,2,2,0,Semi-Furnished,23.0,26000.0,22.75
"2 BHK Flat for Rent in Kempegowda International Airport Road, Bangalore",New International Airport Road,Bengaluru,1000.0,2,1,2,Semi-Furnished,30.0,30000.0,30.0
"2 BHK Flat for Rent in Kempegowda International Airport Road, Bangalore",New International Airport Road,Bengaluru,1311.0,2,2,2,Furnished,37.0,48000.0,36.61
"3 BHK Flat for Rent in Kempegowda International Airport Road, Bangalore",New International Airport Road,Bengaluru,1500.0,3,3,0,Semi-Furnished,30.0,45000.0,30.0
"3 BHK Flat for Rent in Kempegowda International Airport Road, Bangalore",New International Airport Road,Bengaluru,1500.0,3,3,0,Semi-Furnished,33.0,50000.0,33.33
3 BHK House for Rent in Nisarga Nandana Layout Bangalore,Nisarga Nandana Layout,Bengaluru,1560.0,3,3,0,Semi-Furnished,14.0,22000.0,14.1
"3 BHK Flat for Rent in NR Colony Basavanagudi, Bangalore",Nr Colony,Bengaluru,1700.0,3,2,0,Semi-Furnished,18.0,30000.0,17.65
3 BHK House for Rent in Nyanapanahalli Bangalore,Nyanapanahalli,Bengaluru,1350.0,3,3,0,Semi-Furnished,17.0,23000.0,17.04
"2 BHK House for Rent in Old Guddadahalli, Guddadahalli Bangalore",Old Guddadahalli,Bengaluru,800.0,2,2,0,Unfurnished,8.0,6000.0,7.5
"1 BHK Flat for Rent in Old Madras Road, Bangalore",Old Madras Road,Bengaluru,550.0,1,1,0,Unfurnished,27.0,15000.0,27.27
2 BHK House for Rent in Old Madras Road Bangalore,Old Madras Road,Bengaluru,950.0,2,2,0,Semi-Furnished,16.0,15000.0,15.79
2 BHK House for Rent in Old Madras Road Bangalore,Old Madras Road,Bengaluru,1350.0,2,2,0,Furnished,26.0,34900.0,25.85
"2 BHK Flat for Rent in Old Madras Road, Bangalore",Old Madras Road,Bengaluru,850.0,2,2,2,Furnished,41.0,35000.0,41.18
"3 BHK Flat for Rent in Old Madras Road, Bangalore",Old Madras Road,Bengaluru,1150.0,3,3,2,Semi-Furnished,39.0,45000.0,39.13
"3 BHK Flat for Rent in Old Madras Road, Bangalore",Old Madras Road,Bengaluru,1533.0,3,3,0,Semi-Furnished,30.0,46000.0,30.01
"3 BHK Flat for Rent in Old Madras Road, Bangalore",Old Madras Road,Bengaluru,1500.0,3,3,2,Semi-Furnished,35.0,52000.0,34.67
5 BHK Villa for Rent in Old Madras Road Bangalore,Old Madras Road,Bengaluru,3900.0,5,5,3,Unfurnished,38.0,150000.0,38.46
"3 BHK Flat for Rent in Ombr Layout, Banaswadi, Bangalore",Ombr Layout,Bengaluru,1690.0,3,3,0,Semi-Furnished,28.0,48000.0,28.4
"4 BHK Villa for Rent in Ombr Layout, Banaswadi Bangalore",Ombr Layout,Bengaluru,4300.0,4,4,3,Semi-Furnished,29.0,130000.0,30.23
"2 BHK Flat for Rent in Pai Layout Hulimavu, Bangalore",Pai Layout Hulimavu,Bengaluru,1100.0,2,2,0,Semi-Furnished,21.0,23000.0,20.91
"2 BHK Flat for Rent in Pai Layout Mahadevapura, Bangalore",Pai Layout Mahadevapura,Bengaluru,1080.0,2,2,0,Unfurnished,21.0,23000.0,21.3
"2 BHK Flat for Rent in Pai Layout Mahadevapura, Bangalore",Pai Layout Mahadevapura,Bengaluru,915.0,2,2,0,Semi-Furnished,27.0,25000.0,27.32
2 BHK House for Rent in Pai Layout Mahadevapura Bangalore,Pai Layout Mahadevapura,Bengaluru,1200.0,2,2,2,Unfurnished,42.0,50000.0,41.67
"4 BHK Flat for Rent in Pai Layout Mahadevapura, Bangalore",Pai Layout Mahadevapura,Bengaluru,2700.0,4,4,2,Semi-Furnished,34.0,93000.0,34.44
6 BHK House for Rent in Palace Cross Road Bangalore,Palace Cross Road,Bengaluru,4000.0,6,5,5,Semi-Furnished,38.0,150000.0,37.5
"2 BHK Flat for Rent in Palanahalli Road, Bangalore",Palanahalli Road,Bengaluru,900.0,2,2,2,Furnished,24.0,22000.0,24.44
"1 BHK Flat for Rent in Panathur, Bangalore",Panathur,Bengaluru,645.0,1,1,0,Furnished,53.0,34000.0,52.71
"2 BHK Flat for Rent in Panathur, Bangalore",Panathur,Bengaluru,730.0,2,2,0,Unfurnished,55.0,40000.0,54.79
"2 BHK Flat for Rent in Panathur, Bangalore",Panathur,Bengaluru,1231.0,2,2,2,Furnished,32.0,40000.0,32.49
"2 BHK Flat for Rent in Panathur, Bangalore",Panathur,Bengaluru,915.0,2,2,0,Furnished,49.0,45000.0,49.18
"3 BHK Flat for Rent in Panathur, Bangalore",Panathur,Bengaluru,1515.0,3,2,2,Unfurnished,43.0,65000.0,42.9
"1 BHK Flat for Rent in Papareddipalya, Bangalore",Papareddipalya,Bengaluru,600.0,1,1,0,Unfurnished,12.0,7500.0,12.5
2 BHK House for Rent in Papareddipalya Bangalore,Papareddipalya,Bengaluru,650.0,2,1,0,Unfurnished,17.0,11000.0,16.92
1 BHK House for Rent in Parappana Agrahara Bangalore,Parappana Agrahara,Bengaluru,600.0,1,1,0,Furnished,23.0,14000.0,23.33
1 BHK House for Rent in Patteghar Palya Main Road Bangalore,Patteghar Palya Main Road,Bengaluru,300.0,1,1,0,Unfurnished,17.0,5000.0,16.67
"3 BHK Flat for Rent in Peace Layout, Kacharakanahalli, Bangalore",Peace Layout,Bengaluru,1600.0,3,3,4,Semi-Furnished,20.0,32000.0,20.0
1 BHK House for Rent in Phase 1 Sivagiri Township Bangalore,Phase 1 Sivagiri Township,Bengaluru,600.0,1,1,0,Semi-Furnished,20.0,12000.0,20.0
2 BHK House for Rent in Phase 1st JP Nagar Bangalore,Phase 1St JP Nagar,Bengaluru,750.0,2,2,2,Semi-Furnished,40.0,30000.0,40.0
"3 BHK Flat for Rent in Phase 1st JP Nagar, Bangalore",Phase 1St JP Nagar,Bengaluru,2124.0,3,3,0,Semi-Furnished,38.0,80000.0,37.66
"4 BHK Flat for Rent in Phase 1st JP Nagar, Bangalore",Phase 1St JP Nagar,Bengaluru,2500.0,4,4,3,Furnished,80.0,200000.0,80.0
2 BHK House for Rent in Phase 1st MCECHS Layout Bangalore,Phase 1St Mcechs Layout,Bengaluru,1200.0,2,2,2,Semi-Furnished,23.0,28000.0,23.33
"2 BHK Flat for Rent in Phase 2nd JP Nagar, Bangalore",Phase 2Nd JP Nagar,Bengaluru,1000.0,2,2,0,Semi-Furnished,32.0,32000.0,32.0
3 BHK Villa for Rent in Phase 3 Reliable Residency Layout Bangalore,Phase 3 Reliable Residency Layout,Bengaluru,3000.0,3,3,4,Semi-Furnished,20.0,60000.0,20.0
2 BHK House for Rent in Phase 5 JP Nagar Bangalore,Phase 5 JP Nagar,Bengaluru,1400.0,2,3,2,Semi-Furnished,21.0,30000.0,21.43
"3 BHK Flat for Rent in Phase 5 JP Nagar, Bangalore",Phase 5 JP Nagar,Bengaluru,1200.0,3,2,0,Semi-Furnished,69.0,83334.0,69.44
4 BHK House for Rent in Phase 5 JP Nagar Bangalore,Phase 5 JP Nagar,Bengaluru,1600.0,4,3,0,Semi-Furnished,25.0,40000.0,25.0
"1 BHK Flat for Rent in Phase 7 JP Nagar, Bangalore",Phase 7 JP Nagar,Bengaluru,450.0,1,1,0,Semi-Furnished,22.0,10000.0,22.22
"1 BHK Flat for Rent in Phase 7 JP Nagar, Bangalore",Phase 7 JP Nagar,Bengaluru,575.0,1,1,0,Semi-Furnished,24.0,14000.0,24.35
"2 BHK Flat for Rent in Phase 7 JP Nagar, Bangalore",Phase 7 JP Nagar,Bengaluru,1000.0,2,2,0,Unfurnished,10.0,10000.0,10.0
2 BHK House for Rent in Phase 7 JP Nagar Bangalore,Phase 7 JP Nagar,Bengaluru,1000.0,2,2,0,Semi-Furnished,17.0,16500.0,16.5
2 BHK House for Rent in Phase 7 JP Nagar Bangalore,Phase 7 JP Nagar,Bengaluru,1050.0,2,2,2,Semi-Furnished,17.0,18000.0,17.14
2 BHK House for Rent in Phase 7 JP Nagar Bangalore,Phase 7 JP Nagar,Bengaluru,1000.0,2,2,0,Furnished,25.0,25000.0,25.0
"2 BHK Flat for Rent in Phase 7 JP Nagar, Bangalore",Phase 7 JP Nagar,Bengaluru,2000.0,2,2,0,Semi-Furnished,14.0,28000.0,14.0
"2 BHK Flat for Rent in Phase 7 JP Nagar, Bangalore",Phase 7 JP Nagar,Bengaluru,1050.0,2,2,2,Semi-Furnished,27.0,28000.0,26.67
"2 BHK Flat for Rent in Phase 7 JP Nagar, Bangalore",Phase 7 JP Nagar,Bengaluru,1100.0,2,2,2,Furnished,27.0,30000.0,27.27
"2 BHK Flat for Rent in Phase 7 JP Nagar, Bangalore",Phase 7 JP Nagar,Bengaluru,1100.0,2,2,0,Unfurnished,35.0,38000.0,34.55
"3 BHK Flat for Rent in Phase 7 JP Nagar, Bangalore",Phase 7 JP Nagar,Bengaluru,1550.0,3,3,0,Furnished,23.0,35000.0,22.58
1 BHK House for Rent in Phase 8th JP Nagar Bangalore,Phase 8Th JP Nagar,Bengaluru,600.0,1,1,0,Semi-Furnished,23.0,14000.0,23.33
1 BHK House for Rent in Pillaganahalli Bangalore,Pillaganahalli,Bengaluru,600.0,1,1,0,Unfurnished,13.0,8000.0,13.33
"2 BHK House for Rent in Pns Layout, Kalyan Nagar Bangalore",Pns Layout,Bengaluru,650.0,2,2,0,Semi-Furnished,31.0,20000.0,30.77
"3 BHK Flat for Rent in Pragathi Nagar, Bangalore",Pragathi Nagar,Bengaluru,1150.0,3,2,2,Semi-Furnished,19.0,22000.0,19.13
"2 BHK Flat for Rent in Prithvi Layout, Whitefield, Bangalore",Prithvi Layout,Bengaluru,850.0,2,2,0,Unfurnished,34.0,29000.0,34.12
"3 BHK Flat for Rent in Prithvi Layout, Whitefield, Bangalore",Prithvi Layout,Bengaluru,1830.0,3,3,2,Semi-Furnished,31.0,56000.0,30.6
"3 BHK Flat for Rent in Pulkeshi Nagar, Bangalore",Pulkeshi Nagar,Bengaluru,1800.0,3,3,4,Furnished,50.0,90000.0,50.0
"3 BHK Flat for Rent in Puttanahalli, Bangalore",Puttanahalli,Bengaluru,1350.0,3,3,2,Semi-Furnished,28.0,38000.0,28.15
"2 BHK House for Rent in Rachenahalli, Thanisandra Bangalore",Rachenahalli,Bengaluru,1200.0,2,2,0,Semi-Furnished,22.0,27000.0,22.5
"4 BHK Flat for Rent in Rachenahalli, Thanisandra, Bangalore",Rachenahalli,Bengaluru,2502.0,4,4,5,Semi-Furnished,26.0,65000.0,25.98
"3 BHK Flat for Rent in Rachenahalli Main Road, Bangalore",Rachenahalli Main Road,Bengaluru,1700.0,3,3,0,Semi-Furnished,26.0,45000.0,26.47
2 BHK House for Rent in Raghuvanahalli Bangalore City Municipal Corporation Layout Bangalore,Raghuvanahalli Bcmc Layout,Bengaluru,1200.0,2,2,2,Semi-Furnished,19.0,23000.0,19.17
3 BHK House for Rent in Rainbow Drive Bangalore,Rainbow Drive,Bengaluru,1850.0,3,4,2,Semi-Furnished,46.0,85000.0,45.95
1 BHK House for Rent in Rajajinagar Bangalore,Rajaji Nagar,Bengaluru,450.0,1,1,0,Semi-Furnished,11.0,5000.0,11.11
1 BHK House for Rent in Rajajinagar Bangalore,Rajaji Nagar,Bengaluru,625.0,1,1,0,Unfurnished,10.0,6500.0,10.4
1 BHK House for Rent in Rajajinagar Bangalore,Rajaji Nagar,Bengaluru,400.0,1,1,0,Unfurnished,21.0,8500.0,21.25
"1 BHK Flat for Rent in Rajajinagar, Bangalore",Rajaji Nagar,Bengaluru,680.0,1,1,0,Unfurnished,22.0,15000.0,22.06
"3 BHK Flat for Rent in Rajajinagar, Bangalore",Rajaji Nagar,Bengaluru,1400.0,3,3,3,Semi-Furnished,39.0,54000.0,38.57
"3 BHK Flat for Rent in Rajajinagar, Bangalore",Rajaji Nagar,Bengaluru,1500.0,3,3,3,Furnished,67.0,100000.0,66.67
"3 BHK Flat for Rent in Rajajinagar, Bangalore",Rajaji Nagar,Bengaluru,1400.0,3,3,2,Semi-Furnished,93.0,130000.0,92.86
"3 BHK Flat for Rent in Rajajinagar, Bangalore",Rajaji Nagar,Bengaluru,2400.0,3,4,3,Unfurnished,83.0,200000.0,83.33
4 BHK House for Rent in Rajajinagar Bangalore,Rajaji Nagar,Bengaluru,2000.0,4,4,0,Furnished,48.0,95000.0,47.5
"3 BHK Flat for Rent in 1st Block Rajajinagar, Bangalore",Rajaji Nagar Block 1,Bengaluru,1700.0,3,3,3,Semi-Furnished,42.0,72000.0,42.35
"1 BHK Flat for Rent in 2nd Block Rajajinagar, Bangalore",Rajaji Nagar Block 2,Bengaluru,650.0,1,1,0,Semi-Furnished,23.0,15000.0,23.08
2 BHK House for Rent in Stage 2nd Rajajinagar Bangalore,Rajajinagar Stage 2,Bengaluru,1200.0,2,2,0,Unfurnished,23.0,27000.0,22.5
"2 BHK Flat for Rent in Stage 2nd Rajajinagar, Bangalore",Rajajinagar Stage 2,Bengaluru,800.0,2,2,0,Semi-Furnished,35.0,28000.0,35.0
5 BHK House for Rent in Stage 2nd Rajajinagar Bangalore,Rajajinagar Stage 2,Bengaluru,4000.0,5,5,4,Unfurnished,21.0,85000.0,21.25
4 BHK Villa for Rent in Rajanukunte Bangalore,Rajanukunte,Bengaluru,4430.0,4,4,3,Unfurnished,68.0,300000.0,67.72
2 BHK House for Rent in RR Nagar Bangalore,Rajarajeshwari Nagar,Bengaluru,900.0,2,2,0,Unfurnished,19.0,17000.0,18.89
2 BHK Villa for Rent in RR Nagar Bangalore,Rajarajeshwari Nagar,Bengaluru,1200.0,2,2,0,Semi-Furnished,17.0,20000.0,16.67
"3 BHK Flat for Rent in RR Nagar, Bangalore",Rajarajeshwari Nagar,Bengaluru,1415.0,3,2,2,Unfurnished,14.0,20000.0,14.13
"3 BHK Flat for Rent in RR Nagar, Bangalore",Rajarajeshwari Nagar,Bengaluru,1230.0,3,3,3,Semi-Furnished,45.0,55000.0,44.72
2 BHK House for Rent in Stage 5th RR Nagar Bangalore,Rajarajeshwari Nagar Stage 5,Bengaluru,800.0,2,3,0,Unfurnished,25.0,20000.0,25.0
"8 BHK Flat for Rent in Stage 5th RR Nagar, Bangalore",Rajarajeshwari Nagar Stage 5,Bengaluru,2000.0,8,8,4,Semi-Furnished,65.0,130000.0,65.0
"1 BHK House for Rent in Ramagondanahalli-Whitefield, Whitefield Bangalore",Ramagondanahalli-Whitefield,Bengaluru,420.0,1,1,0,Unfurnished,62.0,26000.0,61.9
1 BHK House for Rent in Ramamurthy Nagar Bangalore,Ramamurthy Nagar,Bengaluru,400.0,1,1,0,Furnished,10.0,4000.0,10.0
"1 BHK Flat for Rent in Ramamurthy Nagar, Bangalore",Ramamurthy Nagar,Bengaluru,220.0,1,1,0,Semi-Furnished,27.0,6000.0,27.27
1 BHK House for Rent in Ramamurthy Nagar Bangalore,Ramamurthy Nagar,Bengaluru,450.0,1,1,0,Semi-Furnished,28.0,12500.0,27.78
"2 BHK Flat for Rent in Ramamurthy Nagar, Bangalore",Ramamurthy Nagar,Bengaluru,600.0,2,2,0,Semi-Furnished,12.0,7000.0,11.67
"2 BHK Flat for Rent in Ramamurthy Nagar, Bangalore",Ramamurthy Nagar,Bengaluru,600.0,2,1,0,Semi-Furnished,18.0,11000.0,18.33
"2 BHK Flat for Rent in Ramamurthy Nagar, Bangalore",Ramamurthy Nagar,Bengaluru,1100.0,2,2,0,Semi-Furnished,15.0,17000.0,15.45
"2 BHK Flat for Rent in Ramamurthy Nagar, Bangalore",Ramamurthy Nagar,Bengaluru,950.0,2,2,0,Semi-Furnished,19.0,18000.0,18.95
"2 BHK Flat for Rent in Ramamurthy Nagar, Bangalore",Ramamurthy Nagar,Bengaluru,850.0,2,2,0,Furnished,24.0,20000.0,23.53
2 BHK House for Rent in Ramamurthy Nagar Bangalore,Ramamurthy Nagar,Bengaluru,1200.0,2,2,0,Semi-Furnished,17.0,20000.0,16.67
"2 BHK Flat for Rent in Ramamurthy Nagar, Bangalore",Ramamurthy Nagar,Bengaluru,800.0,2,2,0,Semi-Furnished,29.0,23000.0,28.75
"2 BHK Flat for Rent in Ramamurthy Nagar, Bangalore",Ramamurthy Nagar,Bengaluru,800.0,2,2,0,Semi-Furnished,31.0,25000.0,31.25
"2 BHK Flat for Rent in Ramamurthy Nagar, Bangalore",Ramamurthy Nagar,Bengaluru,851.0,2,2,0,Semi-Furnished,33.0,28000.0,32.9
"3 BHK Flat for Rent in Ramamurthy Nagar, Bangalore",Ramamurthy Nagar,Bengaluru,1350.0,3,2,2,Furnished,37.0,50000.0,37.04
"2 BHK Flat for Rent in Ramanjaneyanagar, Chikkalasandra, Bangalore",Ramanjaneyanagar,Bengaluru,1130.0,2,2,0,Semi-Furnished,18.0,20000.0,17.7
2 BHK House for Rent in Ramachandrapura Jalahalli East Bangalore,Ramchandrapura,Bengaluru,700.0,2,2,0,Semi-Furnished,11.0,8000.0,11.43
1 BHK House for Rent in Rayasandra Bangalore,Rayasandra,Bengaluru,400.0,1,1,0,Unfurnished,13.0,5300.0,13.25
"2 BHK Flat for Rent in Rayasandra, Bangalore",Rayasandra,Bengaluru,975.0,2,2,0,Furnished,34.0,33000.0,33.85
"3 BHK Flat for Rent in Rayasandra Main Road, Bangalore",Rayasandra Main Road,Bengaluru,1300.0,3,3,2,Semi-Furnished,31.0,40000.0,30.77
"3 BHK Flat for Rent in Rayasandra Main Road, Bangalore",Rayasandra Main Road,Bengaluru,1400.0,3,3,0,Semi-Furnished,31.0,43000.0,30.71
"2 BHK Flat for Rent in Rbi Layout, J P Nagar, Bangalore",Rbi Layout,Bengaluru,1150.0,2,2,0,Unfurnished,17.0,20000.0,17.39
"2 BHK Flat for Rent in Rhcs Layout, Sunkadakatte, Bangalore",Rhcs Layout,Bengaluru,600.0,2,1,0,Semi-Furnished,13.0,8000.0,13.33
"3 BHK Flat for Rent in Richards Town, Richards Town, Bangalore",Richards Town,Bengaluru,1900.0,3,3,3,Unfurnished,58.0,110000.0,57.89
"3 BHK Flat for Rent in Richmond Road, Bangalore",Richmond Road,Bengaluru,1900.0,3,3,3,Semi-Furnished,79.0,150000.0,78.95
"2 BHK Flat for Rent in Richmond Town, Richmond Town, Bangalore",Richmond Town,Bengaluru,1100.0,2,2,2,Semi-Furnished,55.0,60000.0,54.55
"2 BHK Flat for Rent in Richmond Town, Richmond Town, Bangalore",Richmond Town,Bengaluru,1200.0,2,2,0,Furnished,63.0,75000.0,62.5
"3 BHK Flat for Rent in Richmond Town, Richmond Town, Bangalore",Richmond Town,Bengaluru,2000.0,3,3,2,Unfurnished,55.0,110000.0,55.0
"3 BHK Flat for Rent in Richmond Town, Richmond Town, Bangalore",Richmond Town,Bengaluru,1900.0,3,3,3,Semi-Furnished,63.0,120000.0,63.16
"3 BHK Flat for Rent in Outer Ring Road, Bangalore",Ring Road,Bengaluru,1500.0,3,3,2,Unfurnished,40.0,60000.0,40.0
4 BHK House for Rent in Outer Ring Road Bangalore,Ring Road,Bengaluru,1600.0,4,4,0,Semi-Furnished,62.0,100000.0,62.5
1 BHK House for Rent in RMV Extension Stage 2nd RMV Bangalore,Rmv Extension,Bengaluru,1000.0,1,1,0,Furnished,20.0,20000.0,20.0
"3 BHK Flat for Rent in RMV Extension Stage 2nd RMV, Bangalore",Rmv Extension,Bengaluru,1600.0,3,3,2,Semi-Furnished,34.0,55000.0,34.38
"3 BHK Flat for Rent in Stage 2 RMV, Bangalore",Rmv Extension Stage 2,Bengaluru,1350.0,3,3,3,Semi-Furnished,37.0,50000.0,37.04
3 BHK House for Rent in Stage 2 RMV Bangalore,Rmv Extension Stage 2,Bengaluru,2500.0,3,3,0,Semi-Furnished,24.0,60000.0,24.0
"4 BHK Flat for Rent in Stage 2 RMV, Bangalore",Rmv Extension Stage 2,Bengaluru,2000.0,4,3,0,Furnished,38.0,75000.0,37.5
4 BHK House for Rent in Stage 2 RMV Bangalore,Rmv Extension Stage 2,Bengaluru,2900.0,4,3,2,Furnished,78.0,230000.0,79.31
"5 BHK Villa for Rent in Royal Shelters, Bommanahalli Bangalore",Royal Shelters,Bengaluru,6000.0,5,4,0,Furnished,25.0,150000.0,25.0
"2 BHK House for Rent in Rpc Layout, Vijayanagar, West Of Chord Road Bangalore",Rpc Layout,Bengaluru,1000.0,2,2,0,Unfurnished,23.0,22500.0,22.5
1 BHK House for Rent in Ramaswamipalya Lingarajapuram Bangalore,Rs Palya,Bengaluru,600.0,1,1,0,Semi-Furnished,13.0,8000.0,13.33
1 BHK House for Rent in RT Nagar Bangalore,Rt Nagar,Bengaluru,250.0,1,1,0,Semi-Furnished,28.0,7000.0,28.0
1 BHK House for Rent in RT Nagar Bangalore,Rt Nagar,Bengaluru,280.0,1,1,0,Furnished,43.0,12000.0,42.86
1 BHK House for Rent in RT Nagar Bangalore,Rt Nagar,Bengaluru,800.0,1,1,0,Semi-Furnished,26.0,21000.0,26.25
1 BHK House for Rent in RT Nagar Bangalore,Rt Nagar,Bengaluru,650.0,1,2,0,Furnished,37.0,24000.0,36.92
"2 BHK Flat for Rent in RT Nagar, Bangalore",Rt Nagar,Bengaluru,600.0,2,2,0,Semi-Furnished,27.0,16000.0,26.67
2 BHK House for Rent in RT Nagar Bangalore,Rt Nagar,Bengaluru,1000.0,2,2,0,Semi-Furnished,22.0,22000.0,22.0
"2 BHK Flat for Rent in RT Nagar, Bangalore",Rt Nagar,Bengaluru,900.0,2,2,2,Semi-Furnished,28.0,25000.0,27.78
"2 BHK Flat for Rent in RT Nagar, Bangalore",Rt Nagar,Bengaluru,1200.0,2,2,0,Furnished,29.0,35000.0,29.17
3 BHK House for Rent in RT Nagar Bangalore,Rt Nagar,Bengaluru,1500.0,3,3,3,Semi-Furnished,50.0,75000.0,50.0
4 BHK Villa for Rent in RT Nagar Bangalore,Rt Nagar,Bengaluru,2400.0,4,4,3,Semi-Furnished,50.0,120000.0,50.0
"1 BHK Flat for Rent in Rustam Bagh Layout, Bangalore",Rustam Bagh Layout,Bengaluru,500.0,1,1,0,Furnished,50.0,25000.0,50.0
8 BHK Villa for Rent in Sadahalli Main Road Bangalore,Sadahalli Main Road,Bengaluru,5000.0,8,8,3,Furnished,85.0,430000.0,86.0
4 BHK House for Rent in Sadashiva Nagar Bangalore,Sadashiva Nagar,Bengaluru,2200.0,4,4,3,Semi-Furnished,57.0,130000.0,59.09
2 BHK House for Rent in Sahakar Nagar Bangalore,Sahakara Nagar,Bengaluru,900.0,2,2,0,Semi-Furnished,27.0,24000.0,26.67
"2 BHK Flat for Rent in Sahakar Nagar, Bangalore",Sahakara Nagar,Bengaluru,1400.0,2,2,3,Semi-Furnished,24.0,33500.0,23.93
"2 BHK Flat for Rent in Sahakar Nagar, Bangalore",Sahakara Nagar,Bengaluru,1300.0,2,2,0,Unfurnished,27.0,35000.0,26.92
3 BHK House for Rent in Sahakar Nagar Bangalore,Sahakara Nagar,Bengaluru,1400.0,3,3,0,Unfurnished,29.0,40000.0,28.57
"3 BHK Flat for Rent in Sahakar Nagar, Bangalore",Sahakara Nagar,Bengaluru,1701.0,3,3,3,Semi-Furnished,26.0,45000.0,26.46
3 BHK House for Rent in Sahakar Nagar Bangalore,Sahakara Nagar,Bengaluru,2500.0,3,3,0,Semi-Furnished,30.0,75000.0,30.0
4 BHK House for Rent in Sahakar Nagar Bangalore,Sahakara Nagar,Bengaluru,2200.0,4,3,0,Semi-Furnished,30.0,65000.0,29.55
"3 BHK Flat for Rent in Samethanahalli, Bangalore",Samethanahalli,Bengaluru,2000.0,3,3,3,Semi-Furnished,48.0,95000.0,47.5
"2 BHK Flat for Rent in Sampigehalli, Sampigehalli, Bangalore",Sampigehalli,Bengaluru,340.0,2,2,0,Semi-Furnished,94.0,32000.0,94.12
"2 BHK Flat for Rent in Sampigehalli, Sampigehalli, Bangalore",Sampigehalli,Bengaluru,1722.0,2,2,0,Semi-Furnished,21.0,37000.0,21.49
"2 BHK Flat for Rent in Sanjayanagara, Bangalore",Sanjayanagara,Bengaluru,1195.0,2,2,0,Unfurnished,84.0,100000.0,83.68
3 BHK House for Rent in Sanjayanagara Bangalore,Sanjayanagara,Bengaluru,1100.0,3,2,0,Semi-Furnished,27.0,30000.0,27.27
3 BHK House for Rent in Sanjayanagara Bangalore,Sanjayanagara,Bengaluru,1240.0,3,3,0,Semi-Furnished,48.0,60000.0,48.39
4 BHK House for Rent in Sanjayanagara Bangalore,Sanjayanagara,Bengaluru,1450.0,4,2,2,Semi-Furnished,14.0,20000.0,13.79
4 BHK House for Rent in Sanjayanagara Bangalore,Sanjayanagara,Bengaluru,1250.0,4,2,2,Semi-Furnished,32.0,40000.0,32.0
5 BHK House for Rent in Sanjayanagara Bangalore,Sanjayanagara,Bengaluru,7000.0,5,5,0,Semi-Furnished,71.0,500000.0,71.43
"2 BHK Flat for Rent in Sannatammanahalli, Bangalore",Sannatammanahalli,Bengaluru,1400.0,2,2,0,Semi-Furnished,21.0,29950.0,21.39
1 BHK House for Rent in Sarjapura Bangalore,Sarjapur,Bengaluru,300.0,1,1,0,Semi-Furnished,20.0,6000.0,20.0
"2 BHK Flat for Rent in Sarjapura, Bangalore",Sarjapur,Bengaluru,1000.0,2,2,0,Semi-Furnished,50.0,50000.0,50.0
3 BHK House for Rent in Sarjapura Bangalore,Sarjapur,Bengaluru,1750.0,3,3,0,Semi-Furnished,18.0,32000.0,18.29
3 BHK Villa for Rent in Sarjapura Bangalore,Sarjapur,Bengaluru,1750.0,3,3,0,Semi-Furnished,18.0,32000.0,18.29
3 BHK Villa for Rent in Sarjapura Bangalore,Sarjapur,Bengaluru,1550.0,3,3,0,Unfurnished,22.0,34000.0,21.94
3 BHK Villa for Rent in Sarjapura Bangalore,Sarjapur,Bengaluru,1750.0,3,3,2,Furnished,22.0,38000.0,21.71
"3 BHK Flat for Rent in Sarjapura, Bangalore",Sarjapur,Bengaluru,1800.0,3,3,3,Semi-Furnished,36.0,65000.0,36.11
"3 BHK Flat for Rent in Sarjapura, Bangalore",Sarjapur,Bengaluru,1625.0,3,2,2,Unfurnished,40.0,65000.0,40.0
4 BHK Villa for Rent in Sarjapura Bangalore,Sarjapur,Bengaluru,1957.0,4,3,0,Semi-Furnished,15.0,30000.0,15.33
5 BHK Villa for Rent in Sarjapura Bangalore,Sarjapur,Bengaluru,5400.0,5,5,2,Furnished,14.0,75000.0,13.89
1 BHK House for Rent in Sarjapur Road Bangalore,Sarjapur Road,Bengaluru,400.0,1,1,0,Unfurnished,18.0,7000.0,17.5
1 BHK House for Rent in Sarjapur Road Bangalore,Sarjapur Road,Bengaluru,300.0,1,1,0,Furnished,60.0,18000.0,60.0
"1 BHK Flat for Rent in Sarjapur Road, Bangalore",Sarjapur Road,Bengaluru,600.0,1,1,0,Semi-Furnished,33.0,20000.0,33.33
"2 BHK Flat for Rent in Sarjapur Road, Bangalore",Sarjapur Road,Bengaluru,800.0,2,2,0,Unfurnished,22.0,18000.0,22.5
"2 BHK Flat for Rent in Sarjapur Road, Bangalore",Sarjapur Road,Bengaluru,800.0,2,2,0,Semi-Furnished,22.0,18000.0,22.5
"2 BHK Flat for Rent in Sarjapur Road, Bangalore",Sarjapur Road,Bengaluru,1040.0,2,2,0,Furnished,25.0,25500.0,24.52
"2 BHK Flat for Rent in Sarjapur Road, Bangalore",Sarjapur Road,Bengaluru,927.0,2,2,0,Unfurnished,30.0,28000.0,30.2
"2 BHK Flat for Rent in Sarjapur Road, Bangalore",Sarjapur Road,Bengaluru,1248.0,2,2,2,Unfurnished,24.0,30000.0,24.04
"2 BHK Flat for Rent in Sarjapur Road, Bangalore",Sarjapur Road,Bengaluru,850.0,2,2,0,Semi-Furnished,39.0,33000.0,38.82
"2 BHK Flat for Rent in Sarjapur Road, Bangalore",Sarjapur Road,Bengaluru,1212.0,2,2,0,Furnished,33.0,40000.0,33.0
"2 BHK Flat for Rent in Sarjapur Road, Bangalore",Sarjapur Road,Bengaluru,930.0,2,2,0,Semi-Furnished,44.0,41000.0,44.09
"2 BHK Flat for Rent in Sarjapur Road, Bangalore",Sarjapur Road,Bengaluru,1051.0,2,2,0,Semi-Furnished,42.0,44000.0,41.86
"2 BHK Flat for Rent in Sarjapur Road, Bangalore",Sarjapur Road,Bengaluru,940.0,2,2,0,Unfurnished,48.0,45000.0,47.87
"2 BHK Flat for Rent in Sarjapur Road, Bangalore",Sarjapur Road,Bengaluru,674.0,2,2,0,Semi-Furnished,71.0,48000.0,71.22
"2 BHK Flat for Rent in Sarjapur Road, Bangalore",Sarjapur Road,Bengaluru,1237.0,2,2,0,Semi-Furnished,40.0,50000.0,40.42
"3 BHK Flat for Rent in Sarjapur Road, Bangalore",Sarjapur Road,Bengaluru,1400.0,3,2,0,Semi-Furnished,21.0,30000.0,21.43
"3 BHK Flat for Rent in Sarjapur Road, Bangalore",Sarjapur Road,Bengaluru,1150.0,3,3,2,Semi-Furnished,35.0,40000.0,34.78
"3 BHK Flat for Rent in Sarjapur Road, Bangalore",Sarjapur Road,Bengaluru,1200.0,3,3,2,Furnished,38.0,45000.0,37.5
"3 BHK Flat for Rent in Sarjapur Road, Bangalore",Sarjapur Road,Bengaluru,1200.0,3,2,0,Semi-Furnished,38.0,45000.0,37.5
3 BHK Villa for Rent in Sarjapur Road Bangalore,Sarjapur Road,Bengaluru,2500.0,3,3,3,Unfurnished,18.0,45199.0,18.08
"3 BHK Flat for Rent in Sarjapur Road, Bangalore",Sarjapur Road,Bengaluru,1500.0,3,3,0,Semi-Furnished,31.0,47000.0,31.33
"3 BHK Flat for Rent in Sarjapur Road, Bangalore",Sarjapur Road,Bengaluru,1470.0,3,3,2,Semi-Furnished,37.0,55000.0,37.41
"3 BHK Flat for Rent in Sarjapur Road, Bangalore",Sarjapur Road,Bengaluru,1730.0,3,3,2,Semi-Furnished,32.0,55000.0,31.79
3 BHK House for Rent in Sarjapur Road Bangalore,Sarjapur Road,Bengaluru,4100.0,3,4,0,Semi-Furnished,14.0,58000.0,14.15
"3 BHK Flat for Rent in Sarjapur Road, Bangalore",Sarjapur Road,Bengaluru,1700.0,3,3,3,Unfurnished,34.0,58000.0,34.12
3 BHK Villa for Rent in Sarjapur Road Bangalore,Sarjapur Road,Bengaluru,2400.0,3,4,2,Semi-Furnished,25.0,59500.0,24.79
"3 BHK Flat for Rent in Sarjapur Road, Bangalore",Sarjapur Road,Bengaluru,1200.0,3,3,2,Semi-Furnished,50.0,60000.0,50.0
"3 BHK Flat for Rent in Sarjapur Road, Bangalore",Sarjapur Road,Bengaluru,1658.0,3,3,0,Semi-Furnished,36.0,60000.0,36.19
"3 BHK Flat for Rent in Sarjapur Road, Bangalore",Sarjapur Road,Bengaluru,1350.0,3,3,3,Semi-Furnished,48.0,65000.0,48.15
"3 BHK Flat for Rent in Sarjapur Road, Bangalore",Sarjapur Road,Bengaluru,1530.0,3,3,3,Unfurnished,42.0,65000.0,42.48
"3 BHK Flat for Rent in Sarjapur Road, Bangalore",Sarjapur Road,Bengaluru,1000.0,3,2,2,Semi-Furnished,65.0,65000.0,65.0
"3 BHK Flat for Rent in Sarjapur Road, Bangalore",Sarjapur Road,Bengaluru,1650.0,3,3,0,Semi-Furnished,39.0,65000.0,39.39
"3 BHK Flat for Rent in Sarjapur Road, Bangalore",Sarjapur Road,Bengaluru,1860.0,3,3,0,Unfurnished,35.0,65000.0,34.95
"3 BHK Flat for Rent in Sarjapur Road, Bangalore",Sarjapur Road,Bengaluru,1885.0,3,3,3,Semi-Furnished,35.0,66500.0,35.28
"3 BHK Flat for Rent in Sarjapur Road, Bangalore",Sarjapur Road,Bengaluru,1650.0,3,3,3,Semi-Furnished,41.0,67000.0,40.61
"3 BHK Flat for Rent in Sarjapur Road, Bangalore",Sarjapur Road,Bengaluru,1980.0,3,3,3,Unfurnished,35.0,69000.0,34.85
"3 BHK Flat for Rent in Sarjapur Road, Bangalore",Sarjapur Road,Bengaluru,1850.0,3,3,0,Semi-Furnished,38.0,70000.0,37.84
"3 BHK Flat for Rent in Sarjapur Road, Bangalore",Sarjapur Road,Bengaluru,1800.0,3,2,0,Semi-Furnished,39.0,70000.0,38.89
"3 BHK Flat for Rent in Sarjapur Road, Bangalore",Sarjapur Road,Bengaluru,1300.0,3,2,0,Semi-Furnished,54.0,70000.0,53.85
"3 BHK Flat for Rent in Sarjapur Road, Bangalore",Sarjapur Road,Bengaluru,1750.0,3,3,2,Furnished,43.0,75000.0,42.86
"3 BHK Flat for Rent in Sarjapur Road, Bangalore",Sarjapur Road,Bengaluru,1400.0,3,3,0,Furnished,54.0,75000.0,53.57
3 BHK House for Rent in Sarjapur Road Bangalore,Sarjapur Road,Bengaluru,2000.0,3,3,4,Furnished,38.0,75000.0,37.5
"3 BHK Flat for Rent in Sarjapur Road, Bangalore",Sarjapur Road,Bengaluru,1700.0,3,4,2,Semi-Furnished,44.0,75000.0,44.12
3 BHK Villa for Rent in Sarjapur Road Bangalore,Sarjapur Road,Bengaluru,2594.0,3,3,0,Furnished,37.0,95000.0,36.62
4 BHK Villa for Rent in Sarjapur Road Bangalore,Sarjapur Road,Bengaluru,3430.0,4,3,2,Semi-Furnished,22.0,75000.0,21.87
4 BHK Villa for Rent in Sarjapur Road Bangalore,Sarjapur Road,Bengaluru,3000.0,4,4,4,Semi-Furnished,30.0,90000.0,30.0
"4 BHK Flat for Rent in Sarjapur Road, Bangalore",Sarjapur Road,Bengaluru,1562.0,4,4,2,Semi-Furnished,65.0,100000.0,64.02
"4 BHK Flat for Rent in Sarjapur Road, Bangalore",Sarjapur Road,Bengaluru,3370.0,4,4,4,Unfurnished,30.0,100000.0,29.67
"4 BHK Flat for Rent in Sarjapur Road, Bangalore",Sarjapur Road,Bengaluru,2452.0,4,5,3,Furnished,47.0,120000.0,48.94
4 BHK Villa for Rent in Sarjapur Road Bangalore,Sarjapur Road,Bengaluru,4346.0,4,4,3,Furnished,55.0,240000.0,55.22
5 BHK Villa for Rent in Sarjapur Road Bangalore,Sarjapur Road,Bengaluru,2800.0,5,4,2,Furnished,30.0,85000.0,30.36
"2 BHK Flat for Rent in Sarjapura Attibele Road, Bangalore",Sarjapura Attibele Road,Bengaluru,1340.0,2,2,0,Unfurnished,17.0,23000.0,17.16
"3 BHK Flat for Rent in Sarjapura Attibele Road, Bangalore",Sarjapura Attibele Road,Bengaluru,1320.0,3,2,2,Semi-Furnished,20.0,27000.0,20.45
4 BHK Villa for Rent in Sarjapura Attibele Road Bangalore,Sarjapura Attibele Road,Bengaluru,3800.0,4,4,2,Unfurnished,17.0,63000.0,16.58
2 BHK House for Rent in Sathanur Bangalore,Sathanur,Bengaluru,1000.0,2,2,0,Semi-Furnished,16.0,16000.0,16.0
"3 BHK Flat for Rent in Sathanur, Bangalore",Sathanur,Bengaluru,1431.0,3,3,0,Furnished,34.0,48000.0,33.54
"4 BHK Flat for Rent in Sathya Sai Layout, Whitefield, Bangalore",Sathya Sai Layout,Bengaluru,1700.0,4,4,4,Semi-Furnished,27.0,46000.0,27.06
"1 BHK Flat for Rent in Sector 1st HSR Layout, Bangalore",Sector 1 HSR Layout,Bengaluru,540.0,1,1,0,Semi-Furnished,59.0,32000.0,59.26
"2 BHK Flat for Rent in Sector 1st HSR Layout, Bangalore",Sector 1 HSR Layout,Bengaluru,1250.0,2,2,3,Semi-Furnished,40.0,50000.0,40.0
"2 BHK Flat for Rent in Sector 11 New Tippasandra, Bangalore",Sector 11 New Thippasandra,Bengaluru,1150.0,2,2,3,Semi-Furnished,30.0,35000.0,30.43
1 BHK House for Rent in Sector 2 HSR Layout Bangalore,Sector 2 HSR Layout,Bengaluru,500.0,1,1,0,Semi-Furnished,20.0,10000.0,20.0
1 BHK House for Rent in Sector 2 HSR Layout Bangalore,Sector 2 HSR Layout,Bengaluru,550.0,1,1,0,Semi-Furnished,20.0,11000.0,20.0
"1 BHK Flat for Rent in Sector 2 HSR Layout, Bangalore",Sector 2 HSR Layout,Bengaluru,650.0,1,1,0,Unfurnished,32.0,21000.0,32.31
1 BHK House for Rent in Sector 2 HSR Layout Bangalore,Sector 2 HSR Layout,Bengaluru,700.0,1,1,0,Semi-Furnished,31.0,22000.0,31.43
1 BHK House for Rent in Sector 2 HSR Layout Bangalore,Sector 2 HSR Layout,Bengaluru,550.0,1,1,0,Semi-Furnished,41.0,22500.0,40.91
"1 BHK Flat for Rent in Sector 2 HSR Layout, Bangalore",Sector 2 HSR Layout,Bengaluru,650.0,1,1,0,Unfurnished,40.0,26000.0,40.0
"1 BHK Flat for Rent in Sector 2 HSR Layout, Bangalore",Sector 2 HSR Layout,Bengaluru,550.0,1,1,0,Semi-Furnished,49.0,27000.0,49.09
"2 BHK Flat for Rent in Sector 2 HSR Layout, Bangalore",Sector 2 HSR Layout,Bengaluru,900.0,2,2,0,Semi-Furnished,50.0,45000.0,50.0
"3 BHK Flat for Rent in Sector 2 HSR Layout, Bangalore",Sector 2 HSR Layout,Bengaluru,1200.0,3,3,2,Semi-Furnished,63.0,75000.0,62.5
4 BHK House for Rent in Sector 2 HSR Layout Bangalore,Sector 2 HSR Layout,Bengaluru,3500.0,4,4,3,Unfurnished,46.0,160000.0,45.71
4 BHK House for Rent in Sector 2 HSR Layout Bangalore,Sector 2 HSR Layout,Bengaluru,2400.0,4,4,0,Semi-Furnished,83.0,200000.0,83.33
"1 BHK Flat for Rent in Sector 3 HSR Layout, Bangalore",Sector 3 HSR Layout,Bengaluru,650.0,1,1,3,Semi-Furnished,55.0,36000.0,55.38
"2 BHK Flat for Rent in Sector 3 HSR Layout, Bangalore",Sector 3 HSR Layout,Bengaluru,750.0,2,2,0,Semi-Furnished,35.0,26000.0,34.67
"2 BHK Flat for Rent in Sector 3 HSR Layout, Bangalore",Sector 3 HSR Layout,Bengaluru,1100.0,2,2,2,Furnished,25.0,28000.0,25.45
2 BHK House for Rent in Sector 4 HSR Layout Bangalore,Sector 4 HSR Layout,Bengaluru,1050.0,2,2,0,Unfurnished,36.0,38000.0,36.19
"2 BHK Flat for Rent in Sector 4 HSR Layout, Bangalore",Sector 4 HSR Layout,Bengaluru,1150.0,2,2,0,Semi-Furnished,39.0,45000.0,39.13
"2 BHK Flat for Rent in Sector 5th HSR Layout, Bangalore",Sector 5 HSR Layout,Bengaluru,900.0,2,2,0,Semi-Furnished,33.0,30000.0,33.33
2 BHK House for Rent in Sector 5th HSR Layout Bangalore,Sector 5 HSR Layout,Bengaluru,1100.0,2,2,2,Semi-Furnished,33.0,36000.0,32.73
3 BHK House for Rent in Sector 5th HSR Layout Bangalore,Sector 5 HSR Layout,Bengaluru,2400.0,3,3,2,Semi-Furnished,31.0,75000.0,31.25
"3 BHK Flat for Rent in Sector 6 HSR Layout, Bangalore",Sector 6 HSR Layout,Bengaluru,1300.0,3,3,2,Semi-Furnished,46.0,60000.0,46.15
"3 BHK Flat for Rent in Seegehalli, Bangalore",Seegehalli,Bengaluru,1360.0,3,2,0,Semi-Furnished,33.0,45000.0,33.09
"3 BHK Flat for Rent in Seegehalli, Bangalore",Seegehalli,Bengaluru,1400.0,3,4,2,Semi-Furnished,37.0,52000.0,37.14
"3 BHK Flat for Rent in Seegehalli, Bangalore",Seegehalli,Bengaluru,1900.0,3,3,2,Furnished,39.0,75000.0,39.47
3 BHK Villa for Rent in Seegehalli Bangalore,Seegehalli,Bengaluru,2000.0,3,4,0,Semi-Furnished,38.0,75000.0,37.5
4 BHK Villa for Rent in Seegehalli Bangalore,Seegehalli,Bengaluru,2900.0,4,4,2,Semi-Furnished,34.0,100000.0,34.48
2 BHK House for Rent in Seegehalli Krishnarajapura Bangalore,Seegehalli KR Puram,Bengaluru,850.0,2,2,0,Furnished,14.0,12000.0,14.12
"2 BHK Flat for Rent in Seegehalli Krishnarajapura, Bangalore",Seegehalli KR Puram,Bengaluru,1120.0,2,2,2,Semi-Furnished,13.0,14000.0,12.5
2 BHK House for Rent in Seegehalli Krishnarajapura Bangalore,Seegehalli KR Puram,Bengaluru,1100.0,2,2,0,Semi-Furnished,16.0,18000.0,16.36
2 BHK House for Rent in Seegehalli Kannamangala Road Bangalore,Seegehalli Kannamangala Road,Bengaluru,1270.0,2,1,0,Unfurnished,17.0,22000.0,17.32
"2 BHK Flat for Rent in Seegehalli Road, Bangalore",Seegehalli Road,Bengaluru,1430.0,2,2,2,Unfurnished,21.0,30000.0,20.98
"2 BHK Flat for Rent in SG Palya, Bangalore",Sg Palya,Bengaluru,750.0,2,2,0,Unfurnished,28.0,21000.0,28.0
1 BHK House for Rent in Shanthala Nagar Ashok Nagar Bangalore,Shanthala Nagar,Bengaluru,850.0,1,1,0,Furnished,38.0,32000.0,37.65
1 BHK House for Rent in Shanti Nagar Bangalore,Shanti Nagar,Bengaluru,300.0,1,1,0,Unfurnished,40.0,12000.0,40.0
1 BHK House for Rent in Shanti Nagar Bangalore,Shanti Nagar,Bengaluru,400.0,1,1,0,Unfurnished,32.0,13000.0,32.5
2 BHK House for Rent in Siddapura Whitefield Bangalore,Siddapur,Bengaluru,750.0,2,1,0,Unfurnished,19.0,14500.0,19.33
"1 BHK Flat for Rent in Silicon Town, Bangalore",Silicon Town,Bengaluru,600.0,1,1,0,Unfurnished,19.0,11500.0,19.17
2 BHK House for Rent in Silver County Road Bangalore,Silver County Road,Bengaluru,900.0,2,1,0,Semi-Furnished,17.0,15000.0,16.67
"2 BHK Flat for Rent in Silver Oak Layout, J P Nagar, Bangalore",Silver Oak Layout,Bengaluru,1200.0,2,2,3,Semi-Furnished,28.0,33000.0,27.5
"1 BHK Flat for Rent in Singapura, Bangalore",Singapura,Bengaluru,600.0,1,2,0,Unfurnished,12.0,7000.0,11.67
"2 BHK Flat for Rent in Singasandra, Hosur Road, Bangalore",Singasandra,Bengaluru,1000.0,2,2,2,Semi-Furnished,20.0,20000.0,20.0
"3 BHK Flat for Rent in Singasandra, Hosur Road, Bangalore",Singasandra,Bengaluru,1600.0,3,3,4,Furnished,28.0,45000.0,28.12
"3 BHK House for Rent in Singasandra, Hosur Road Bangalore",Singasandra,Bengaluru,2600.0,3,3,0,Furnished,29.0,75000.0,28.85
"4 BHK Flat for Rent in Singasandra, Hosur Road, Bangalore",Singasandra,Bengaluru,3500.0,4,4,4,Furnished,17.0,58000.0,16.57
4 BHK Villa for Rent in Sir M Visvesvaraya Inst Road Bangalore,Sir M Visvesvaraya Inst Road,Bengaluru,3310.0,4,4,3,Semi-Furnished,57.0,190000.0,57.4
2 BHK House for Rent in Soladevanahalli Bangalore,Soladevanahalli,Bengaluru,800.0,2,1,0,Semi-Furnished,9.0,7000.0,8.75
1 BHK House for Rent in Somasundarapalya Bangalore,Somasundarapalya,Bengaluru,650.0,1,1,0,Semi-Furnished,29.0,19000.0,29.23
"1 BHK Flat for Rent in Someshwara Layout Doddakannelli, Bangalore",Someshwara Layout,Bengaluru,650.0,1,1,0,Furnished,35.0,23000.0,35.38
4 BHK Villa for Rent in Sompura Bangalore,Sompura,Bengaluru,1820.0,4,4,2,Semi-Furnished,74.0,140000.0,76.92
"1 BHK Flat for Rent in Spencer Road, Bangalore",Spencer Road,Bengaluru,800.0,1,1,0,Semi-Furnished,20.0,16000.0,20.0
1 BHK House for Rent in Spice Garden Layout Bangalore,Spice Garden Layout,Bengaluru,800.0,1,2,0,Semi-Furnished,21.0,16500.0,20.62
"3 BHK Flat for Rent in Sri Balaji Layout, Bangalore",Sri Balaji Layout,Bengaluru,1432.0,3,2,2,Semi-Furnished,21.0,30000.0,20.95
2 BHK House for Rent in Sri Sai Layout Bangalore,Sri Sai Layout,Bengaluru,720.0,2,2,0,Semi-Furnished,21.0,15000.0,20.83
"2 BHK House for Rent in Srigandha Nagar, Hegganahalli Bangalore",Srigandha Nagar,Bengaluru,750.0,2,2,0,Semi-Furnished,20.0,15000.0,20.0
1 BHK House for Rent in Srinagar Bangalore,Srinagar,Bengaluru,1100.0,1,1,0,Semi-Furnished,6.0,6500.0,5.91
"1 BHK Flat for Rent in Srirampura, Bangalore",Srirampuram,Bengaluru,400.0,1,1,0,Semi-Furnished,32.0,13000.0,32.5
3 BHK House for Rent in Stage 1st Kumaraswamy Layout Bangalore,Stage 1St Kumaraswamy Layout,Bengaluru,1500.0,3,4,2,Semi-Furnished,17.0,25000.0,16.67
4 BHK Villa for Rent in State Highway 104 Bangalore,State Highway 104,Bengaluru,4900.0,4,4,0,Furnished,33.0,160000.0,32.65
"2 BHK Flat for Rent in Subbaiahnapalya, Bangalore",Subbaiahnapalya,Bengaluru,900.0,2,2,0,Unfurnished,18.0,16000.0,17.78
"2 BHK Flat for Rent in Subs Nagar, Chikkajala, Bangalore-Hyderabad Hwy, Bangalore",Subs Nagar,Bengaluru,802.0,2,2,2,Semi-Furnished,37.0,30000.0,37.41
"2 BHK Flat for Rent in Sudhama Nagar, Bangalore",Sudhama Nagar,Bengaluru,1010.0,2,2,2,Semi-Furnished,38.0,38000.0,37.62
2 BHK House for Rent in Sultanpalya Bangalore,Sultanpalya,Bengaluru,784.0,2,1,0,Semi-Furnished,23.0,18000.0,22.96
1 BHK House for Rent in Sunkadakatte Bangalore,Sunkadakatte,Bengaluru,550.0,1,1,0,Unfurnished,9.0,5000.0,9.09
2 BHK House for Rent in Sunkadakatte Bangalore,Sunkadakatte,Bengaluru,600.0,2,1,0,Semi-Furnished,15.0,9000.0,15.0
2 BHK House for Rent in Sunkadakatte Bangalore,Sunkadakatte,Bengaluru,750.0,2,2,0,Semi-Furnished,23.0,17000.0,22.67
5 BHK House for Rent in Sunkadakatte Bangalore,Sunkadakatte,Bengaluru,4500.0,5,4,0,Semi-Furnished,14.0,65000.0,14.44
"3 BHK Flat for Rent in Suryanagar, Bangalore",Suryanagar,Bengaluru,1500.0,3,2,3,Semi-Furnished,14.0,21500.0,14.33
"3 BHK Flat for Rent in Syndicate Bank Colony Omkar Nagar, Bangalore",Syndicate Bank Colony,Bengaluru,1900.0,3,3,2,Semi-Furnished,26.0,50000.0,26.32
2 BHK House for Rent in T Dasarahalli Bangalore,T Dasarahalli,Bengaluru,1100.0,2,1,0,Semi-Furnished,91.0,100000.0,90.91
"3 BHK Flat for Rent in T Dasarahalli, Bangalore",T Dasarahalli,Bengaluru,1173.0,3,2,0,Semi-Furnished,36.0,42000.0,35.81
"4 BHK Flat for Rent in T Dasarahalli, Bangalore",T Dasarahalli,Bengaluru,3250.0,4,4,2,Furnished,20.0,65000.0,20.0
"3 BHK Flat for Rent in Talacauvery Layout Byatarayanapura, Bangalore",Talacauvery Layout,Bengaluru,1100.0,3,2,0,Semi-Furnished,27.0,30000.0,27.27
"2 BHK Flat for Rent in Talaghattapura, Bangalore",Talaghattapura,Bengaluru,920.0,2,2,0,Semi-Furnished,32.0,29000.0,31.52
3 BHK House for Rent in Talaghattapura Bangalore,Talaghattapura,Bengaluru,1200.0,3,3,0,Semi-Furnished,17.0,20000.0,16.67
2 BHK House for Rent in Tatanagar Bangalore,Tata Nagar,Bengaluru,800.0,2,1,0,Semi-Furnished,24.0,19000.0,23.75
"3 BHK Flat for Rent in Tatanagar, Bangalore",Tata Nagar,Bengaluru,1000.0,3,2,0,Semi-Furnished,22.0,22000.0,22.0
"3 BHK Flat for Rent in Tatanagar, Bangalore",Tata Nagar,Bengaluru,1400.0,3,3,2,Furnished,25.0,35000.0,25.0
"1 BHK Flat for Rent in Tavarekere Suddagunte Palya, Bangalore",Tavarekere,Bengaluru,400.0,1,1,0,Unfurnished,30.0,12000.0,30.0
"2 BHK Flat for Rent in Tavarekere BTM Layout, Bangalore",Tavarekere Btm Layout,Bengaluru,750.0,2,2,0,Semi-Furnished,21.0,16000.0,21.33
"1 BHK Flat for Rent in Teachers Colony -Hsr Layout, HSR Layout, Bangalore",Teachers Colony -HSR Layout,Bengaluru,250.0,1,1,0,Furnished,40.0,10000.0,40.0
3 BHK House for Rent in Phase 1 Tejaswini Nagar Bangalore,Tejaswini Nagar Phase 1,Bengaluru,1500.0,3,2,3,Semi-Furnished,21.0,32000.0,21.33
1 BHK House for Rent in Thambu Chetty Palya Bangalore,Thambu Chetty Palya,Bengaluru,800.0,1,1,0,Semi-Furnished,10.0,8400.0,10.5
2 BHK House for Rent in Thambu Chetty Palya Bangalore,Thambu Chetty Palya,Bengaluru,1100.0,2,2,0,Semi-Furnished,16.0,18000.0,16.36
3 BHK House for Rent in Thambu Chetty Palya Bangalore,Thambu Chetty Palya,Bengaluru,2000.0,3,3,3,Semi-Furnished,16.0,33000.0,16.5
"1 BHK Flat for Rent in Thanisandra, Bangalore",Thanisandra,Bengaluru,950.0,1,2,0,Unfurnished,84.0,80000.0,84.21
"2 BHK Flat for Rent in Thanisandra, Bangalore",Thanisandra,Bengaluru,945.0,2,1,0,Semi-Furnished,19.0,18000.0,19.05
2 BHK House for Rent in Thanisandra Bangalore,Thanisandra,Bengaluru,1000.0,2,2,0,Semi-Furnished,21.0,21000.0,21.0
"2 BHK Flat for Rent in Thanisandra, Bangalore",Thanisandra,Bengaluru,1000.0,2,2,0,Semi-Furnished,22.0,22000.0,22.0
"2 BHK Flat for Rent in Thanisandra, Bangalore",Thanisandra,Bengaluru,1010.0,2,2,3,Semi-Furnished,32.0,32000.0,31.68
"2 BHK Flat for Rent in Thanisandra, Bangalore",Thanisandra,Bengaluru,852.0,2,2,0,Unfurnished,39.0,33000.0,38.73
"2 BHK Flat for Rent in Thanisandra, Bangalore",Thanisandra,Bengaluru,720.0,2,2,3,Unfurnished,47.0,33900.0,47.08
"2 BHK Flat for Rent in Thanisandra, Bangalore",Thanisandra,Bengaluru,627.0,2,2,3,Semi-Furnished,56.0,35000.0,55.82
"2 BHK Flat for Rent in Thanisandra, Bangalore",Thanisandra,Bengaluru,1009.0,2,2,0,Semi-Furnished,35.0,35000.0,34.69
"2 BHK Flat for Rent in Thanisandra, Bangalore",Thanisandra,Bengaluru,1045.0,2,2,0,Unfurnished,35.0,37000.0,35.41
"2 BHK Flat for Rent in Thanisandra, Bangalore",Thanisandra,Bengaluru,800.0,2,2,0,Furnished,48.0,38000.0,47.5
3 BHK House for Rent in Thanisandra Bangalore,Thanisandra,Bengaluru,1200.0,3,2,2,Semi-Furnished,25.0,30000.0,25.0
"3 BHK Flat for Rent in Thanisandra, Bangalore",Thanisandra,Bengaluru,1200.0,3,2,0,Semi-Furnished,29.0,35000.0,29.17
"3 BHK Flat for Rent in Thanisandra, Bangalore",Thanisandra,Bengaluru,1200.0,3,3,0,Semi-Furnished,47.0,56000.0,46.67
"3 BHK Flat for Rent in Thanisandra, Bangalore",Thanisandra,Bengaluru,2100.0,3,3,5,Unfurnished,36.0,75000.0,35.71
"3 BHK Flat for Rent in Thanisandra, Bangalore",Thanisandra,Bengaluru,1800.0,3,4,3,Furnished,67.0,120000.0,66.67
3 BHK Villa for Rent in Thanisandra Bangalore,Thanisandra,Bengaluru,3000.0,3,3,0,Semi-Furnished,40.0,120000.0,40.0
"3 BHK Flat for Rent in Thanisandra, Bangalore",Thanisandra,Bengaluru,2950.0,3,3,2,Semi-Furnished,86.0,260000.0,88.14
"4 BHK Flat for Rent in Thanisandra, Bangalore",Thanisandra,Bengaluru,2359.0,4,5,0,Furnished,51.0,120000.0,50.87
"2 BHK Flat for Rent in Thanisandra Main Road, Bangalore",Thanisandra Main Road,Bengaluru,1180.0,2,2,0,Semi-Furnished,32.0,38000.0,32.2
"3 BHK Flat for Rent in Thanisandra Main Road, Bangalore",Thanisandra Main Road,Bengaluru,1750.0,3,3,0,Unfurnished,19.0,33000.0,18.86
"3 BHK Flat for Rent in Thanisandra Main Road, Bangalore",Thanisandra Main Road,Bengaluru,1390.0,3,2,2,Semi-Furnished,29.0,40000.0,28.78
4 BHK Villa for Rent in Thanisandra Main Road Bangalore,Thanisandra Main Road,Bengaluru,2830.0,4,4,2,Semi-Furnished,20.0,58000.0,20.49
"4 BHK Flat for Rent in Thanisandra Main Road, Bangalore",Thanisandra Main Road,Bengaluru,2800.0,4,5,3,Semi-Furnished,39.0,110000.0,39.29
"4 BHK Flat for Rent in Thanisandra Main Road, Bangalore",Thanisandra Main Road,Bengaluru,3200.0,4,4,2,Semi-Furnished,41.0,130000.0,40.62
1 BHK House for Rent in Thigalarapalya Hoodi Bangalore,Thigalarapalya,Bengaluru,1500.0,1,1,0,Unfurnished,5.0,8000.0,5.33
"2 BHK Flat for Rent in Thigalarapalya Hoodi, Bangalore",Thigalarapalya,Bengaluru,940.0,2,2,2,Semi-Furnished,43.0,40000.0,42.55
2 BHK House for Rent in Tindlu Bangalore,Thindlu,Bengaluru,680.0,2,2,0,Semi-Furnished,22.0,15000.0,22.06
"2 BHK Flat for Rent in Thirumenahalli, Bangalore",Thirumenahalli,Bengaluru,800.0,2,2,0,Semi-Furnished,30.0,24000.0,30.0
"3 BHK Flat for Rent in Thirumenahalli, Bangalore",Thirumenahalli,Bengaluru,1429.0,3,3,2,Unfurnished,21.0,30000.0,20.99
4 BHK Villa for Rent in Thirumenahalli Bangalore,Thirumenahalli,Bengaluru,2900.0,4,4,2,Furnished,17.0,49999.0,17.24
"2 BHK Flat for Rent in Thubarahalli, Whitefield, Bangalore",Thubarahalli,Bengaluru,1300.0,2,2,0,Semi-Furnished,35.0,46000.0,35.38
2 BHK House for Rent in Thurahalli Bangalore,Thurahalli,Bengaluru,1750.0,2,3,0,Semi-Furnished,14.0,25000.0,14.29
"1 BHK House for Rent in Thyagaraja Nagar, Basavanagudi Bangalore",Thyagaraja Nagar,Bengaluru,200.0,1,1,0,Semi-Furnished,35.0,7000.0,35.0
"3 BHK Flat for Rent in Trinity Church Road, Bangalore",Trinity Church Road,Bengaluru,1800.0,3,3,2,Unfurnished,47.0,85000.0,47.22
1 BHK House for Rent in Tulasi Layout Bangalore,Tulasi Layout,Bengaluru,450.0,1,1,0,Semi-Furnished,23.0,10500.0,23.33
1 BHK House for Rent in Tumkur Road Bangalore,Tumkur Road,Bengaluru,500.0,1,1,0,Unfurnished,11.0,5500.0,11.0
"1 BHK Flat for Rent in Tumkur Road, Bangalore",Tumkur Road,Bengaluru,422.0,1,1,0,Furnished,59.0,25000.0,59.24
"2 BHK Flat for Rent in Tumkur Road, Bangalore",Tumkur Road,Bengaluru,569.0,2,2,0,Semi-Furnished,22.0,12500.0,21.97
"2 BHK Flat for Rent in Tumkur Road, Bangalore",Tumkur Road,Bengaluru,495.0,2,2,0,Furnished,26.0,13000.0,26.26
"2 BHK Flat for Rent in Tumkur Road, Bangalore",Tumkur Road,Bengaluru,1239.0,2,2,0,Semi-Furnished,25.0,31000.0,25.02
"2 BHK Flat for Rent in Tumkur Road, Bangalore",Tumkur Road,Bengaluru,900.0,2,2,0,Semi-Furnished,39.0,35000.0,38.89
"2 BHK Flat for Rent in Tumkur Road, Bangalore",Tumkur Road,Bengaluru,1058.0,2,2,0,Semi-Furnished,64.0,68000.0,64.27
"3 BHK Flat for Rent in Tumkur Road, Bangalore",Tumkur Road,Bengaluru,1300.0,3,2,0,Semi-Furnished,32.0,41000.0,31.54
"4 BHK Flat for Rent in Tumkur Road, Bangalore",Tumkur Road,Bengaluru,1520.0,4,5,2,Semi-Furnished,36.0,55000.0,36.18
4 BHK Villa for Rent in Tumkur Road Bangalore,Tumkur Road,Bengaluru,2674.0,4,4,3,Unfurnished,34.0,90000.0,33.66
"2 BHK House for Rent in Udaya Nagar, Mahadevapura Bangalore",Udaya Nagar,Bengaluru,1100.0,2,2,0,Semi-Furnished,20.0,22000.0,20.0
5 BHK Villa for Rent in Upkar Layout Whitefield Bangalore,Upkar Layout Whitefield,Bengaluru,5000.0,5,6,3,Semi-Furnished,24.0,120000.0,24.0
"2 BHK Flat for Rent in Uttarahalli Hobli, Bangalore",Uttarahalli,Bengaluru,800.0,2,2,0,Semi-Furnished,20.0,16000.0,20.0
2 BHK House for Rent in Uttarahalli Hobli Bangalore,Uttarahalli,Bengaluru,800.0,2,2,0,Unfurnished,20.0,16000.0,20.0
"2 BHK Flat for Rent in Uttarahalli Hobli, Bangalore",Uttarahalli,Bengaluru,1280.0,2,2,2,Furnished,24.0,31000.0,24.22
2 BHK House for Rent in Uttarahalli Hobli Bangalore,Uttarahalli,Bengaluru,1200.0,2,3,0,Unfurnished,29.0,35000.0,29.17
"3 BHK Flat for Rent in Uttarahalli Hobli, Bangalore",Uttarahalli,Bengaluru,1285.0,3,3,2,Semi-Furnished,29.0,37500.0,29.18
"2 BHK Flat for Rent in Uttarahalli Main Road, Bangalore",Uttarahalli Main Road,Bengaluru,900.0,2,2,0,Semi-Furnished,24.0,22000.0,24.44
"2 BHK Flat for Rent in Uttarahalli Main Road, Bangalore",Uttarahalli Main Road,Bengaluru,835.0,2,2,2,Semi-Furnished,26.0,22000.0,26.35
3 BHK Villa for Rent in V Kallahalli Bangalore,V Kallahalli,Bengaluru,1662.0,3,3,0,Furnished,27.0,45000.0,27.08
1 BHK House for Rent in Vagdevi Layout Bangalore,Vagdevi Layout,Bengaluru,420.0,1,1,0,Semi-Furnished,43.0,18000.0,42.86
1 BHK House for Rent in Valepura Bangalore,Valepura,Bengaluru,1000.0,1,1,0,Semi-Furnished,10.0,10000.0,10.0
4 BHK Villa for Rent in Valepura Bangalore,Valepura,Bengaluru,2200.0,4,4,3,Unfurnished,24.0,53000.0,24.09
2 BHK House for Rent in Varanasi Bangalore,Varanasi,Bengaluru,1000.0,2,2,0,Furnished,22.0,22000.0,22.0
1 BHK House for Rent in Varthur Bangalore,Varthur,Bengaluru,500.0,1,1,0,Semi-Furnished,19.0,9500.0,19.0
"1 BHK Flat for Rent in Varthur, Bangalore",Varthur,Bengaluru,782.0,1,1,0,Semi-Furnished,42.0,33000.0,42.2
2 BHK House for Rent in Varthur Bangalore,Varthur,Bengaluru,1450.0,2,2,0,Unfurnished,10.0,15000.0,10.34
2 BHK House for Rent in Varthur Bangalore,Varthur,Bengaluru,510.0,2,2,0,Unfurnished,29.0,15000.0,29.41
"2 BHK Flat for Rent in Varthur, Bangalore",Varthur,Bengaluru,900.0,2,1,0,Furnished,19.0,17000.0,18.89
2 BHK House for Rent in Varthur Bangalore,Varthur,Bengaluru,950.0,2,2,0,Semi-Furnished,28.0,26500.0,27.89
"2 BHK Flat for Rent in Varthur, Bangalore",Varthur,Bengaluru,1200.0,2,2,0,Semi-Furnished,29.0,35000.0,29.17
"2 BHK Flat for Rent in Varthur, Bangalore",Varthur,Bengaluru,1109.0,2,2,2,Semi-Furnished,32.0,36000.0,32.46
"2 BHK Flat for Rent in Varthur, Bangalore",Varthur,Bengaluru,800.0,2,2,0,Semi-Furnished,51.0,41000.0,51.25
"2 BHK Flat for Rent in Varthur, Bangalore",Varthur,Bengaluru,1242.0,2,2,0,Semi-Furnished,36.0,45000.0,36.23
"2 BHK Flat for Rent in Varthur, Bangalore",Varthur,Bengaluru,1260.0,2,2,2,Semi-Furnished,36.0,45000.0,35.71
"2 BHK Flat for Rent in Varthur, Bangalore",Varthur,Bengaluru,1100.0,2,2,0,Semi-Furnished,41.0,45000.0,40.91
3 BHK House for Rent in Varthur Bangalore,Varthur,Bengaluru,1200.0,3,2,0,Furnished,13.0,16000.0,13.33
"3 BHK Flat for Rent in Varthur, Bangalore",Varthur,Bengaluru,1905.0,3,3,2,Semi-Furnished,37.0,70000.0,36.75
"3 BHK Flat for Rent in Varthur, Bangalore",Varthur,Bengaluru,2750.0,3,3,3,Unfurnished,36.0,100000.0,36.36
4 BHK Villa for Rent in Varthur Kodi Bangalore,Varthur Kodi,Bengaluru,4300.0,4,4,3,Furnished,20.0,85000.0,19.77
"1 BHK Flat for Rent in Vasanth Nagar, Bangalore",Vasanth Nagar,Bengaluru,400.0,1,1,0,Unfurnished,39.0,15500.0,38.75
"2 BHK Flat for Rent in Vasanth Nagar, Bangalore",Vasanth Nagar,Bengaluru,1200.0,2,2,2,Unfurnished,50.0,60000.0,50.0
"4 BHK Flat for Rent in Vasanth Nagar, Bangalore",Vasanth Nagar,Bengaluru,2750.0,4,5,3,Furnished,91.0,250000.0,90.91
2 BHK Villa for Rent in Vasanth Vihar AWHO Bangalore,Vasanth Vihar Awho,Bengaluru,1300.0,2,2,0,Semi-Furnished,23.0,30000.0,23.08
"1 BHK House for Rent in Veerannapalya, Nagavara Bangalore",Veerannapalya,Bengaluru,150.0,1,1,0,Furnished,40.0,6000.0,40.0
"1 BHK Flat for Rent in Veerasandra, Bangalore",Veerasandra,Bengaluru,660.0,1,1,0,Semi-Furnished,30.0,20000.0,30.3
"2 BHK Flat for Rent in Veerasandra, Bangalore",Veerasandra,Bengaluru,1000.0,2,2,0,Unfurnished,15.0,15000.0,15.0
2 BHK House for Rent in Vibhutipura Bangalore,Vibhutipura,Bengaluru,1000.0,2,2,0,Semi-Furnished,8.0,8000.0,8.0
"1 BHK Flat for Rent in Victoria Layout, Victoria Layout, Victoria Road, Bangalore",Victoria Layout,Bengaluru,700.0,1,1,0,Semi-Furnished,43.0,30000.0,42.86
"3 BHK Flat for Rent in Victoria Layout, Victoria Layout, Victoria Road, Bangalore",Victoria Layout,Bengaluru,1726.0,3,3,2,Furnished,58.0,100000.0,57.94
"1 BHK House for Rent in Vidhana Soudha Layout, Kaveri Nagar Bangalore",Vidhana Soudha Layout,Bengaluru,1000.0,1,1,0,Furnished,13.0,13000.0,13.0
2 BHK House for Rent in Vidyaranyapura Bangalore,Vidyaranyapura,Bengaluru,1100.0,2,1,0,Semi-Furnished,12.0,13000.0,11.82
2 BHK House for Rent in Vidyaranyapura Bangalore,Vidyaranyapura,Bengaluru,750.0,2,2,0,Semi-Furnished,20.0,15000.0,20.0
"2 BHK Flat for Rent in Vidyaranyapura, Bangalore",Vidyaranyapura,Bengaluru,1000.0,2,2,0,Semi-Furnished,22.0,22000.0,22.0
"3 BHK Flat for Rent in Vidyaranyapura, Bangalore",Vidyaranyapura,Bengaluru,1810.0,3,3,2,Semi-Furnished,18.0,33000.0,18.23
"3 BHK Flat for Rent in Vignan Nagar, Bangalore",Vignan Nagar,Bengaluru,2100.0,3,3,0,Furnished,24.0,50000.0,23.81
3 BHK House for Rent in Vignan Nagar Bangalore,Vignan Nagar,Bengaluru,2000.0,3,3,2,Furnished,35.0,70000.0,35.0
"3 BHK Flat for Rent in Vigneshwara Layout Hoysala Nagar, Bangalore",Vigneshwara Layout Hoysala Nagar,Bengaluru,1000.0,3,2,0,Semi-Furnished,28.0,28000.0,28.0
3 BHK House for Rent in Vijaya Bank Layout Bommanahalli Bangalore,Vijaya Bank Layout Bommanahalli,Bengaluru,3200.0,3,3,0,Semi-Furnished,38.0,120000.0,37.5
5 BHK House for Rent in Vijaya Bank Layout Bommanahalli Bangalore,Vijaya Bank Layout Bommanahalli,Bengaluru,4500.0,5,4,4,Semi-Furnished,18.0,80000.0,17.78
1 BHK House for Rent in Vijayanagar Bangalore,Vijayanagar,Bengaluru,250.0,1,1,0,Unfurnished,14.0,3500.0,14.0
"2 BHK Flat for Rent in Vijayanagar, Bangalore",Vijayanagar,Bengaluru,800.0,2,1,2,Unfurnished,25.0,20000.0,25.0
2 BHK House for Rent in Vijayanagar Bangalore,Vijayanagar,Bengaluru,1000.0,2,2,0,Semi-Furnished,25.0,25000.0,25.0
"3 BHK Flat for Rent in Vijayanagar, Bangalore",Vijayanagar,Bengaluru,1600.0,3,3,0,Semi-Furnished,22.0,35000.0,21.88
4 BHK House for Rent in Vijayanagar Bangalore,Vijayanagar,Bengaluru,2250.0,4,3,0,Unfurnished,13.0,30000.0,13.33
2 BHK House for Rent in Vijayapura Town Bangalore,Vijayapura Town,Bengaluru,1000.0,2,2,0,Semi-Furnished,13.0,13000.0,13.0
"2 BHK Flat for Rent in Vimanapura, Airport Road, Bangalore",Vimanapura,Bengaluru,1000.0,2,2,0,Semi-Furnished,17.0,17000.0,17.0
"2 BHK Flat for Rent in Vinayak Nagar Kattigenahalli, Bangalore",Vinayak Nagar,Bengaluru,1220.0,2,2,3,Semi-Furnished,12.0,15000.0,12.3
"2 BHK Flat for Rent in Vinayak Nagar Kattigenahalli, Bangalore",Vinayak Nagar,Bengaluru,750.0,2,2,2,Semi-Furnished,33.0,25000.0,33.33
"1 BHK Flat for Rent in Virgonagar Industrial Estate, Bangalore",Virgonagar Industrial Estate,Bengaluru,598.0,1,1,0,Semi-Furnished,42.0,25000.0,41.81
2 BHK House for Rent in Virupakshapura Bangalore,Virupakshapura,Bengaluru,800.0,2,2,0,Semi-Furnished,12.0,10000.0,12.5
2 BHK House for Rent in Virupakshapura Bangalore,Virupakshapura,Bengaluru,850.0,2,2,0,Semi-Furnished,15.0,13000.0,15.29
"3 BHK Flat for Rent in Vittal Mallya Road, Bangalore",Vittal Mallya Road,Bengaluru,3200.0,3,3,3,Semi-Furnished,94.0,300000.0,93.75
4 BHK Villa for Rent in Vittasandra Main Road Bangalore,Vittasandra Main Road,Bengaluru,1200.0,4,3,0,Semi-Furnished,33.0,40000.0,33.33
"1 BHK Flat for Rent in Viveka Nagar, Bangalore",Viveka Nagar,Bengaluru,600.0,1,1,0,Unfurnished,37.0,22000.0,36.67
"4 BHK Flat for Rent in Viveka Nagar, Bangalore",Viveka Nagar,Bengaluru,2500.0,4,4,4,Unfurnished,24.0,60000.0,24.0
"1 BHK House for Rent in Vyalikaval, Malleshwaram Bangalore",Vyalikaval,Bengaluru,330.0,1,1,0,Unfurnished,36.0,12000.0,36.36
1 BHK House for Rent in Vyalikaval HBCS Layout Nagavara Bangalore,Vyalikaval Hbcs Layout,Bengaluru,650.0,1,1,0,Semi-Furnished,31.0,20000.0,30.77
"1 BHK Flat for Rent in Whitefield, Bangalore",Whitefield,Bengaluru,600.0,1,1,0,Semi-Furnished,10.0,6000.0,10.0
"1 BHK Flat for Rent in Whitefield, Bangalore",Whitefield,Bengaluru,500.0,1,1,0,Semi-Furnished,20.0,10000.0,20.0
"1 BHK Flat for Rent in Whitefield, Bangalore",Whitefield,Bengaluru,600.0,1,1,0,Semi-Furnished,20.0,12000.0,20.0
"1 BHK Flat for Rent in Whitefield, Bangalore",Whitefield,Bengaluru,300.0,1,1,0,Furnished,50.0,15000.0,50.0
1 BHK House for Rent in Whitefield Bangalore,Whitefield,Bengaluru,650.0,1,1,0,Semi-Furnished,26.0,17000.0,26.15
"1 BHK Flat for Rent in Whitefield, Bangalore",Whitefield,Bengaluru,505.0,1,1,0,Semi-Furnished,38.0,19000.0,37.62
"1 BHK Flat for Rent in Whitefield, Bangalore",Whitefield,Bengaluru,285.0,1,1,0,Unfurnished,88.0,25000.0,87.72
"1 BHK Flat for Rent in Whitefield, Bangalore",Whitefield,Bengaluru,550.0,1,1,0,Unfurnished,47.0,26000.0,47.27
"1 BHK Flat for Rent in Whitefield, Bangalore",Whitefield,Bengaluru,670.0,1,1,0,Semi-Furnished,45.0,30000.0,44.78
"1 BHK Flat for Rent in Whitefield, Bangalore",Whitefield,Bengaluru,650.0,1,1,0,Furnished,51.0,33000.0,50.77
"1 BHK Flat for Rent in Whitefield, Bangalore",Whitefield,Bengaluru,639.0,1,1,0,Furnished,78.0,50000.0,78.25
"1 BHK Flat for Rent in Whitefield, Bangalore",Whitefield,Bengaluru,680.0,1,1,0,Furnished,88.0,60000.0,88.24
2 BHK House for Rent in Whitefield Bangalore,Whitefield,Bengaluru,700.0,2,2,0,Furnished,21.0,15000.0,21.43
2 BHK House for Rent in Whitefield Bangalore,Whitefield,Bengaluru,800.0,2,2,0,Semi-Furnished,25.0,20000.0,25.0
"2 BHK Flat for Rent in Whitefield, Bangalore",Whitefield,Bengaluru,1250.0,2,2,0,Unfurnished,23.0,29000.0,23.2
"2 BHK Flat for Rent in Whitefield, Bangalore",Whitefield,Bengaluru,1020.0,2,2,2,Semi-Furnished,31.0,32000.0,31.37
"2 BHK Flat for Rent in Whitefield, Bangalore",Whitefield,Bengaluru,1000.0,2,2,2,Semi-Furnished,42.0,42000.0,42.0
"2 BHK Flat for Rent in Whitefield, Bangalore",Whitefield,Bengaluru,1450.0,2,2,2,Furnished,29.0,42000.0,28.97
"2 BHK Flat for Rent in Whitefield, Bangalore",Whitefield,Bengaluru,1100.0,2,2,0,Furnished,38.0,42000.0,38.18
"2 BHK Flat for Rent in Whitefield, Bangalore",Whitefield,Bengaluru,1155.0,2,2,0,Semi-Furnished,36.0,42000.0,36.36
"2 BHK Flat for Rent in Whitefield, Bangalore",Whitefield,Bengaluru,1255.0,2,2,0,Semi-Furnished,33.0,42000.0,33.47
"2 BHK Flat for Rent in Whitefield, Bangalore",Whitefield,Bengaluru,885.0,2,2,0,Semi-Furnished,49.0,43000.0,48.59
"2 BHK Flat for Rent in Whitefield, Bangalore",Whitefield,Bengaluru,1023.0,2,2,2,Furnished,44.0,45000.0,43.99
"2 BHK Flat for Rent in Whitefield, Bangalore",Whitefield,Bengaluru,1290.0,2,2,0,Semi-Furnished,36.0,46000.0,35.66
"2 BHK Flat for Rent in Whitefield, Bangalore",Whitefield,Bengaluru,1100.0,2,2,0,Semi-Furnished,42.0,46000.0,41.82
"2 BHK Flat for Rent in Whitefield, Bangalore",Whitefield,Bengaluru,950.0,2,2,0,Furnished,53.0,50000.0,52.63
"2 BHK Flat for Rent in Whitefield, Bangalore",Whitefield,Bengaluru,1346.0,2,2,2,Furnished,41.0,55000.0,40.86
3 BHK Villa for Rent in Whitefield Bangalore,Whitefield,Bengaluru,1650.0,3,3,0,Semi-Furnished,24.0,40000.0,24.24
"3 BHK Flat for Rent in Whitefield, Bangalore",Whitefield,Bengaluru,1688.0,3,2,2,Semi-Furnished,24.0,40000.0,23.7
"3 BHK Flat for Rent in Whitefield, Bangalore",Whitefield,Bengaluru,1570.0,3,2,0,Semi-Furnished,29.0,45000.0,28.66
"3 BHK Flat for Rent in Whitefield, Bangalore",Whitefield,Bengaluru,1750.0,3,3,2,Furnished,26.0,45000.0,25.71
3 BHK Villa for Rent in Whitefield Bangalore,Whitefield,Bengaluru,2000.0,3,3,0,Semi-Furnished,22.0,45000.0,22.5
"3 BHK Flat for Rent in Whitefield, Bangalore",Whitefield,Bengaluru,1890.0,3,3,2,Semi-Furnished,25.0,48000.0,25.4
"3 BHK Flat for Rent in Whitefield, Bangalore",Whitefield,Bengaluru,1655.0,3,3,2,Semi-Furnished,30.0,50000.0,30.21
"3 BHK Flat for Rent in Whitefield, Bangalore",Whitefield,Bengaluru,1628.0,3,3,3,Semi-Furnished,31.0,50000.0,30.71
"3 BHK Flat for Rent in Whitefield, Bangalore",Whitefield,Bengaluru,1970.0,3,3,2,Unfurnished,25.0,50000.0,25.38
"3 BHK Flat for Rent in Whitefield, Bangalore",Whitefield,Bengaluru,1750.0,3,3,3,Furnished,31.0,55000.0,31.43
"3 BHK Flat for Rent in Whitefield, Bangalore",Whitefield,Bengaluru,1543.0,3,3,0,Unfurnished,39.0,60000.0,38.89
"3 BHK Flat for Rent in Whitefield, Bangalore",Whitefield,Bengaluru,1400.0,3,3,2,Furnished,43.0,60000.0,42.86
"3 BHK Flat for Rent in Whitefield, Bangalore",Whitefield,Bengaluru,1525.0,3,3,2,Unfurnished,41.0,62000.0,40.66
"3 BHK Flat for Rent in Whitefield, Bangalore",Whitefield,Bengaluru,1697.0,3,3,3,Semi-Furnished,37.0,62000.0,36.54
"3 BHK Flat for Rent in Whitefield, Bangalore",Whitefield,Bengaluru,1290.0,3,2,0,Furnished,48.0,62000.0,48.06
"3 BHK Flat for Rent in Whitefield, Bangalore",Whitefield,Bengaluru,1253.0,3,2,0,Furnished,52.0,65000.0,51.88
"3 BHK Flat for Rent in Whitefield, Bangalore",Whitefield,Bengaluru,1839.0,3,3,2,Unfurnished,38.0,70000.0,38.06
"3 BHK Flat for Rent in Whitefield, Bangalore",Whitefield,Bengaluru,2134.0,3,3,0,Semi-Furnished,33.0,70000.0,32.8
"3 BHK Flat for Rent in Whitefield, Bangalore",Whitefield,Bengaluru,1600.0,3,3,2,Unfurnished,44.0,70000.0,43.75
"3 BHK Flat for Rent in Whitefield, Bangalore",Whitefield,Bengaluru,1500.0,3,3,2,Furnished,47.0,70000.0,46.67
"3 BHK Flat for Rent in Whitefield, Bangalore",Whitefield,Bengaluru,1000.0,3,3,0,Semi-Furnished,70.0,70000.0,70.0
"3 BHK Flat for Rent in Whitefield, Bangalore",Whitefield,Bengaluru,1343.0,3,3,2,Semi-Furnished,54.0,72000.0,53.61
3 BHK Villa for Rent in Whitefield Bangalore,Whitefield,Bengaluru,2000.0,3,3,0,Semi-Furnished,38.0,75000.0,37.5
3 BHK Villa for Rent in Whitefield Bangalore,Whitefield,Bengaluru,3014.0,3,4,0,Semi-Furnished,25.0,75000.0,24.88
"3 BHK Flat for Rent in Whitefield, Bangalore",Whitefield,Bengaluru,1250.0,3,3,0,Semi-Furnished,60.0,75000.0,60.0
"3 BHK Flat for Rent in Whitefield, Bangalore",Whitefield,Bengaluru,1740.0,3,3,2,Unfurnished,43.0,75000.0,43.1
"3 BHK Flat for Rent in Whitefield, Bangalore",Whitefield,Bengaluru,1600.0,3,3,2,Semi-Furnished,50.0,80000.0,50.0
"3 BHK Flat for Rent in Whitefield, Bangalore",Whitefield,Bengaluru,1561.0,3,3,3,Semi-Furnished,54.0,85000.0,54.45
"3 BHK Flat for Rent in Whitefield, Bangalore",Whitefield,Bengaluru,1600.0,3,3,2,Unfurnished,53.0,85000.0,53.12
3 BHK Villa for Rent in Whitefield Bangalore,Whitefield,Bengaluru,2200.0,3,3,0,Semi-Furnished,41.0,90000.0,40.91
"3 BHK Flat for Rent in Whitefield, Bangalore",Whitefield,Bengaluru,2280.0,3,3,3,Semi-Furnished,43.0,98000.0,42.98
"3 BHK Flat for Rent in Whitefield, Bangalore",Whitefield,Bengaluru,1382.0,3,3,2,Semi-Furnished,72.0,100000.0,72.36
3 BHK Villa for Rent in Whitefield Bangalore,Whitefield,Bengaluru,1435.0,3,3,2,Semi-Furnished,70.0,100000.0,69.69
"3 BHK Flat for Rent in Whitefield, Bangalore",Whitefield,Bengaluru,2000.0,3,3,0,Semi-Furnished,75.0,150000.0,75.0
4 BHK Villa for Rent in Whitefield Bangalore,Whitefield,Bengaluru,2800.0,4,4,2,Semi-Furnished,27.0,75000.0,26.79
4 BHK Villa for Rent in Whitefield Bangalore,Whitefield,Bengaluru,2800.0,4,4,4,Semi-Furnished,29.0,80000.0,28.57
4 BHK House for Rent in Whitefield Bangalore,Whitefield,Bengaluru,3500.0,4,5,0,Semi-Furnished,23.0,80000.0,22.86
"4 BHK Flat for Rent in Whitefield, Bangalore",Whitefield,Bengaluru,2600.0,4,4,4,Semi-Furnished,33.0,85000.0,32.69
4 BHK Villa for Rent in Whitefield Bangalore,Whitefield,Bengaluru,4000.0,4,5,3,Furnished,23.0,90000.0,22.5
4 BHK House for Rent in Whitefield Bangalore,Whitefield,Bengaluru,1750.0,4,5,3,Unfurnished,57.0,100000.0,57.14
"4 BHK Flat for Rent in Whitefield, Bangalore",Whitefield,Bengaluru,1200.0,4,4,0,Furnished,83.0,100000.0,83.33
"4 BHK Flat for Rent in Whitefield, Bangalore",Whitefield,Bengaluru,1740.0,4,4,2,Semi-Furnished,57.0,100000.0,57.47
"4 BHK Flat for Rent in Whitefield, Bangalore",Whitefield,Bengaluru,2555.0,4,5,2,Unfurnished,41.0,110000.0,43.05
"4 BHK Flat for Rent in Whitefield, Bangalore",Whitefield,Bengaluru,3000.0,4,4,3,Furnished,40.0,120000.0,40.0
"4 BHK Flat for Rent in Whitefield, Bangalore",Whitefield,Bengaluru,3660.0,4,4,0,Semi-Furnished,36.0,130000.0,35.52
4 BHK Villa for Rent in Whitefield Bangalore,Whitefield,Bengaluru,4000.0,4,4,3,Furnished,38.0,150000.0,37.5
4 BHK Villa for Rent in Whitefield Bangalore,Whitefield,Bengaluru,4390.0,4,4,3,Semi-Furnished,34.0,150000.0,34.17
4 BHK Villa for Rent in Whitefield Bangalore,Whitefield,Bengaluru,4390.0,4,4,2,Semi-Furnished,34.0,150000.0,34.17
"4 BHK Flat for Rent in Whitefield, Bangalore",Whitefield,Bengaluru,3743.0,4,5,3,Furnished,39.0,150000.0,40.07
"4 BHK Flat for Rent in Whitefield, Bangalore",Whitefield,Bengaluru,4000.0,4,5,4,Semi-Furnished,38.0,150000.0,37.5
4 BHK Villa for Rent in Whitefield Bangalore,Whitefield,Bengaluru,4934.0,4,4,3,Semi-Furnished,39.0,190000.0,38.51
4 BHK Villa for Rent in Whitefield Bangalore,Whitefield,Bengaluru,4003.0,4,5,2,Semi-Furnished,60.0,240000.0,59.96
"4 BHK Flat for Rent in Whitefield, Bangalore",Whitefield,Bengaluru,5500.0,4,5,2,Semi-Furnished,55.0,300000.0,54.55
"4 BHK Flat for Rent in Whitefield, Bangalore",Whitefield,Bengaluru,5100.0,4,7,2,Semi-Furnished,74.0,380000.0,74.51
4 BHK Villa for Rent in Whitefield Bangalore,Whitefield,Bengaluru,6219.0,4,5,2,Semi-Furnished,64.0,400000.0,64.32
"5 BHK Flat for Rent in Whitefield, Bangalore",Whitefield,Bengaluru,4550.0,5,6,0,Furnished,29.0,130000.0,28.57
5 BHK Villa for Rent in Whitefield Bangalore,Whitefield,Bengaluru,5800.0,5,6,3,Semi-Furnished,69.0,400000.0,68.97
"5 BHK Flat for Rent in Whitefield, Bangalore",Whitefield,Bengaluru,6500.0,5,5,3,Semi-Furnished,69.0,450000.0,69.23
"2 BHK Flat for Rent in Wilson Garden, Bangalore",Wilson Garden,Bengaluru,1200.0,2,2,0,Unfurnished,41.0,49000.0,40.83
"1 BHK House for Rent in Yelachenahalli, Kumaraswamy Layout, Kanakapura Road Bangalore",Yelachenahalli,Bengaluru,750.0,1,1,0,Semi-Furnished,15.0,11000.0,14.67
1 BHK House for Rent in Yelahanka Bangalore,Yelahanka,Bengaluru,1100.0,1,2,0,Unfurnished,11.0,12000.0,10.91
"1 BHK Flat for Rent in Yelahanka, Bangalore",Yelahanka,Bengaluru,453.0,1,1,0,Semi-Furnished,55.0,25000.0,55.19
2 BHK House for Rent in Yelahanka Bangalore,Yelahanka,Bengaluru,600.0,2,2,0,Semi-Furnished,17.0,10000.0,16.67
2 BHK House for Rent in Yelahanka Bangalore,Yelahanka,Bengaluru,1200.0,2,2,0,Unfurnished,13.0,16000.0,13.33
"2 BHK Flat for Rent in Yelahanka, Bangalore",Yelahanka,Bengaluru,1057.0,2,2,0,Unfurnished,21.0,22000.0,20.81
"2 BHK Flat for Rent in Yelahanka, Bangalore",Yelahanka,Bengaluru,900.0,2,2,0,Unfurnished,26.0,23000.0,25.56
2 BHK Villa for Rent in Yelahanka Bangalore,Yelahanka,Bengaluru,1200.0,2,2,0,Semi-Furnished,29.0,35000.0,29.17
"2 BHK Flat for Rent in Yelahanka, Bangalore",Yelahanka,Bengaluru,1322.0,2,2,2,Semi-Furnished,30.0,40000.0,30.26
"2 BHK Flat for Rent in Yelahanka, Bangalore",Yelahanka,Bengaluru,1468.0,2,2,0,Furnished,34.0,50000.0,34.06
"3 BHK Flat for Rent in Yelahanka, Bangalore",Yelahanka,Bengaluru,900.0,3,2,0,Semi-Furnished,28.0,25000.0,27.78
"3 BHK Flat for Rent in Yelahanka, Bangalore",Yelahanka,Bengaluru,1280.0,3,3,2,Unfurnished,23.0,30000.0,23.44
"3 BHK Flat for Rent in Yelahanka, Bangalore",Yelahanka,Bengaluru,1650.0,3,3,2,Semi-Furnished,21.0,35000.0,21.21
"3 BHK Flat for Rent in Yelahanka, Bangalore",Yelahanka,Bengaluru,1757.0,3,3,0,Furnished,23.0,40000.0,22.77
"3 BHK Flat for Rent in Yelahanka, Bangalore",Yelahanka,Bengaluru,2100.0,3,4,0,Semi-Furnished,21.0,45000.0,21.43
"3 BHK Flat for Rent in Yelahanka, Bangalore",Yelahanka,Bengaluru,2159.0,3,3,2,Unfurnished,21.0,45000.0,20.84
"3 BHK Flat for Rent in Yelahanka, Bangalore",Yelahanka,Bengaluru,1300.0,3,2,2,Unfurnished,35.0,45000.0,34.62
"3 BHK Flat for Rent in Yelahanka, Bangalore",Yelahanka,Bengaluru,1315.0,3,3,2,Semi-Furnished,37.0,48000.0,36.5
"3 BHK Flat for Rent in Yelahanka, Bangalore",Yelahanka,Bengaluru,1050.0,3,3,2,Furnished,48.0,50000.0,47.62
"3 BHK Flat for Rent in Yelahanka, Bangalore",Yelahanka,Bengaluru,1400.0,3,3,2,Semi-Furnished,36.0,50000.0,35.71
"3 BHK Flat for Rent in Yelahanka, Bangalore",Yelahanka,Bengaluru,1550.0,3,3,2,Unfurnished,40.0,61500.0,39.68
3 BHK Villa for Rent in Yelahanka Bangalore,Yelahanka,Bengaluru,3000.0,3,3,0,Furnished,23.0,70000.0,23.33
"3 BHK Flat for Rent in Yelahanka, Bangalore",Yelahanka,Bengaluru,1910.0,3,3,0,Semi-Furnished,37.0,70000.0,36.65
3 BHK House for Rent in Yelahanka Bangalore,Yelahanka,Bengaluru,2860.0,3,4,2,Furnished,31.0,90000.0,31.47
4 BHK Villa for Rent in Yelahanka Bangalore,Yelahanka,Bengaluru,2400.0,4,3,0,Semi-Furnished,17.0,40000.0,16.67
4 BHK House for Rent in Yelahanka Bangalore,Yelahanka,Bengaluru,3500.0,4,5,0,Furnished,71.0,250000.0,71.43
4 BHK Villa for Rent in Yelahanka Bangalore,Yelahanka,Bengaluru,3175.0,4,4,2,Unfurnished,79.0,250000.0,78.74
4 BHK Villa for Rent in Yelahanka Bangalore,Yelahanka,Bengaluru,4025.0,4,5,0,Semi-Furnished,75.0,300000.0,74.53
5 BHK Villa for Rent in Yelahanka Bangalore,Yelahanka,Bengaluru,5900.0,5,7,0,Semi-Furnished,89.0,530000.0,89.83
"2 BHK Flat for Rent in Yelahanka Airforce Base, Bangalore",Yelahanka Air Force Base,Bengaluru,700.0,2,2,2,Semi-Furnished,36.0,25000.0,35.71
"2 BHK Flat for Rent in Yelahanka Airforce Base, Bangalore",Yelahanka Air Force Base,Bengaluru,1000.0,2,2,3,Furnished,30.0,30000.0,30.0
"2 BHK Flat for Rent in Yelahanka Airforce Base, Bangalore",Yelahanka Air Force Base,Bengaluru,1375.0,2,2,2,Furnished,36.0,50000.0,36.36
"3 BHK Flat for Rent in Yelahanka Airforce Base, Bangalore",Yelahanka Air Force Base,Bengaluru,1599.0,3,3,0,Semi-Furnished,25.0,40000.0,25.02
"1 BHK Flat for Rent in Yelahanka New Town, Bangalore",Yelahanka New Town,Bengaluru,450.0,1,1,0,Unfurnished,24.0,11000.0,24.44
2 BHK House for Rent in Yelahanka New Town Bangalore,Yelahanka New Town,Bengaluru,950.0,2,2,0,Semi-Furnished,17.0,16000.0,16.84
"2 BHK Flat for Rent in Yelahanka New Town, Bangalore",Yelahanka New Town,Bengaluru,1234.0,2,2,2,Semi-Furnished,18.0,22000.0,17.83
2 BHK House for Rent in Yelahanka New Town Bangalore,Yelahanka New Town,Bengaluru,900.0,2,2,0,Semi-Furnished,26.0,23000.0,25.56
3 BHK Villa for Rent in Yelahanka New Town Bangalore,Yelahanka New Town,Bengaluru,1500.0,3,2,0,Furnished,13.0,20000.0,13.33
3 BHK House for Rent in Yelahanka New Town Bangalore,Yelahanka New Town,Bengaluru,1000.0,3,3,0,Semi-Furnished,25.0,25000.0,25.0
"3 BHK Flat for Rent in Yelahanka New Town, Bangalore",Yelahanka New Town,Bengaluru,1300.0,3,3,0,Semi-Furnished,31.0,40000.0,30.77
"3 BHK Flat for Rent in Yelenahalli, Bangalore",Yelenahalli,Bengaluru,1400.0,3,3,2,Semi-Furnished,46.0,63900.0,45.64
"2 BHK Flat for Rent in Yemalur, Bellandur, Bangalore",Yemalur,Bengaluru,950.0,2,2,0,Unfurnished,63.0,60000.0,63.16
2 BHK House for Rent in Yeswanthpur Bangalore,Yeswanthpur,Bengaluru,600.0,2,1,0,Semi-Furnished,20.0,12000.0,20.0
"2 BHK Flat for Rent in Yeswanthpur, Bangalore",Yeswanthpur,Bengaluru,700.0,2,2,0,Semi-Furnished,40.0,28000.0,40.0
"3 BHK Flat for Rent in Yeswanthpur, Bangalore",Yeswanthpur,Bengaluru,1800.0,3,3,0,Unfurnished,27.0,48000.0,26.67
"3 BHK Flat for Rent in Yeswanthpur, Bangalore",Yeswanthpur,Bengaluru,1500.0,3,3,2,Semi-Furnished,33.0,50000.0,33.33
"3 BHK Flat for Rent in Yeswanthpur, Bangalore",Yeswanthpur,Bengaluru,1948.0,3,3,3,Semi-Furnished,26.0,50000.0,25.67
"3 BHK Flat for Rent in Yeswanthpur, Bangalore",Yeswanthpur,Bengaluru,1480.0,3,3,2,Semi-Furnished,47.0,70000.0,47.3
